timestamp,level_m,南郷山_10分mm,白銀山_10分mm,浅間山_10分mm
2026-06-09T17:30:00+09:00,0.07,,,
2026-06-09T17:40:00+09:00,0.07,0,,
2026-06-09T17:50:00+09:00,0.08,0,,
2026-06-09T18:00:00+09:00,0.08,0,,
2026-06-09T18:10:00+09:00,0.08,0,,
2026-06-09T18:20:00+09:00,0.09,0,,
2026-06-09T18:30:00+09:00,0.09,1,,
2026-06-09T18:40:00+09:00,0.08,0,,
2026-06-09T18:50:00+09:00,0.08,0,,
2026-06-09T19:00:00+09:00,0.07,0,,
2026-06-09T19:10:00+09:00,0.07,0,,
2026-06-09T19:20:00+09:00,0.08,0,,
2026-06-09T19:30:00+09:00,0.07,0,,
2026-06-09T19:40:00+09:00,0.07,0,,
2026-06-09T19:50:00+09:00,0.07,0,,
2026-06-09T20:00:00+09:00,0.07,0,,
2026-06-09T20:10:00+09:00,0.08,0,,
2026-06-09T20:20:00+09:00,0.08,0,,
2026-06-09T20:30:00+09:00,0.07,0,,
2026-06-09T20:40:00+09:00,0.07,0,,
2026-06-09T20:50:00+09:00,0.07,0,,
2026-06-09T21:00:00+09:00,0.06,0,,
2026-06-09T21:10:00+09:00,0.07,0,,
2026-06-09T21:20:00+09:00,0.06,0,,
2026-06-09T21:30:00+09:00,,0,,
2026-06-10T04:30:00+09:00,0.07,0,0,
2026-06-10T04:40:00+09:00,0.07,0,0,
2026-06-10T04:50:00+09:00,0.07,0,0,
2026-06-10T05:00:00+09:00,0.06,0,0,
2026-06-10T05:10:00+09:00,0.06,0,0,
2026-06-10T05:20:00+09:00,0.07,0,0,
2026-06-10T05:30:00+09:00,0.08,0,0,
2026-06-10T05:40:00+09:00,0.08,0,0,
2026-06-10T05:50:00+09:00,0.08,0,0,
2026-06-10T06:00:00+09:00,0.08,0,0,
2026-06-10T06:10:00+09:00,,0,0,
2026-06-10T06:20:00+09:00,0.08,0,0,
2026-06-10T06:30:00+09:00,,0,0,
2026-06-10T06:40:00+09:00,,0,0,
2026-06-10T06:50:00+09:00,,0,0,
2026-06-10T07:00:00+09:00,0.07,0,0,
2026-06-10T07:10:00+09:00,0.06,0,0,
2026-06-10T07:20:00+09:00,,0,0,
2026-06-10T07:30:00+09:00,0.06,0,0,
2026-06-10T07:40:00+09:00,0.06,0,0,
2026-06-10T07:50:00+09:00,0.06,0,0,
2026-06-10T08:00:00+09:00,0.06,0,0,
2026-06-10T08:10:00+09:00,0.07,0,0,
2026-06-10T08:20:00+09:00,0.07,0,0,
2026-06-10T08:30:00+09:00,0.07,0,0,
2026-06-10T08:40:00+09:00,0.07,0,0,
2026-06-10T08:50:00+09:00,0.07,0,0,
2026-06-10T09:00:00+09:00,0.06,0,0,
2026-06-10T09:10:00+09:00,0.07,0,0,
2026-06-10T09:20:00+09:00,0.07,0,0,
2026-06-10T09:30:00+09:00,0.08,0,0,
2026-06-10T09:40:00+09:00,0.07,0,0,
2026-06-10T09:50:00+09:00,0.07,0,0,
2026-06-10T10:00:00+09:00,0.07,0,0,
2026-06-10T10:10:00+09:00,0.07,0,1,
2026-06-10T10:20:00+09:00,0.07,0,0,
2026-06-10T10:30:00+09:00,0.06,0,0,
2026-06-10T10:40:00+09:00,0.06,0,0,
2026-06-10T10:50:00+09:00,0.06,0,0,
2026-06-10T11:00:00+09:00,0.07,0,0,
2026-06-10T12:00:00+09:00,0.07,0,0,
2026-06-10T12:10:00+09:00,0.07,0,0,
2026-06-10T12:20:00+09:00,0.07,0,0,
2026-06-10T12:30:00+09:00,0.07,0,0,
2026-06-10T12:40:00+09:00,0.07,0,0,
2026-06-10T12:50:00+09:00,0.07,0,0,
2026-06-10T13:00:00+09:00,0.08,0,0,
2026-06-10T13:10:00+09:00,0.07,0,0,
2026-06-10T13:20:00+09:00,0.07,0,0,
2026-06-10T13:30:00+09:00,0.07,0,0,
2026-06-10T13:40:00+09:00,0.07,0,0,
2026-06-10T13:50:00+09:00,0.07,0,0,
2026-06-10T14:00:00+09:00,0.07,0,0,
2026-06-10T14:10:00+09:00,0.07,0,0,
2026-06-10T14:20:00+09:00,0.07,0,0,
2026-06-10T14:30:00+09:00,0.08,0,0,
2026-06-10T14:40:00+09:00,0.08,0,0,
2026-06-10T14:50:00+09:00,0.08,0,0,
2026-06-10T15:00:00+09:00,0.08,0,0,
2026-06-10T15:10:00+09:00,0.08,0,0,
2026-06-10T15:20:00+09:00,0.08,0,0,
2026-06-10T15:30:00+09:00,0.08,0,0,
2026-06-10T15:40:00+09:00,0.10,0,0,
2026-06-10T15:50:00+09:00,0.10,0,0,
2026-06-10T16:00:00+09:00,0.10,0,0,
2026-06-10T16:10:00+09:00,0.09,0,0,
2026-06-10T16:20:00+09:00,0.09,0,0,
2026-06-10T16:30:00+09:00,0.09,0,0,
2026-06-10T16:40:00+09:00,0.08,0,0,
2026-06-10T16:50:00+09:00,0.08,0,0,
2026-06-10T17:00:00+09:00,0.07,0,0,
2026-06-10T17:10:00+09:00,0.07,0,0,
2026-06-10T17:20:00+09:00,0.08,0,0,
2026-06-10T17:30:00+09:00,0.07,0,0,
2026-06-10T17:40:00+09:00,0.07,0,0,
2026-06-10T17:50:00+09:00,0.08,0,0,
2026-06-10T18:00:00+09:00,0.08,0,0,
2026-06-10T18:10:00+09:00,0.09,0,0,
2026-06-10T18:20:00+09:00,0.08,0,0,
2026-06-10T18:30:00+09:00,0.08,0,0,
2026-06-10T18:40:00+09:00,0.08,0,0,
2026-06-10T18:50:00+09:00,0.07,0,0,
2026-06-10T19:00:00+09:00,0.07,0,0,
2026-06-10T19:10:00+09:00,0.06,0,0,
2026-06-10T19:20:00+09:00,0.06,0,0,
2026-06-10T19:30:00+09:00,0.06,0,0,
2026-06-10T19:40:00+09:00,0.07,0,0,
2026-06-10T19:50:00+09:00,0.06,0,0,
2026-06-10T20:00:00+09:00,0.06,0,0,
2026-06-10T20:10:00+09:00,0.07,0,0,
2026-06-10T20:20:00+09:00,0.07,0,0,
2026-06-10T20:30:00+09:00,0.07,0,0,
2026-06-10T20:40:00+09:00,0.07,0,0,
2026-06-10T20:50:00+09:00,0.07,0,0,
2026-06-10T21:00:00+09:00,0.06,0,0,
2026-06-10T21:10:00+09:00,0.06,0,0,
2026-06-10T21:20:00+09:00,0.06,0,0,
2026-06-10T21:30:00+09:00,0.06,0,0,
2026-06-10T21:40:00+09:00,0.05,0,0,
2026-06-10T21:50:00+09:00,0.06,0,0,
2026-06-10T22:00:00+09:00,0.06,0,0,
2026-06-10T22:10:00+09:00,0.07,0,0,
2026-06-10T22:20:00+09:00,0.07,0,0,
2026-06-10T22:30:00+09:00,0.07,0,0,
2026-06-10T22:40:00+09:00,0.07,0,0,
2026-06-10T22:50:00+09:00,0.07,0,0,
2026-06-10T23:00:00+09:00,0.06,0,0,
2026-06-10T23:10:00+09:00,0.06,0,0,
2026-06-10T23:20:00+09:00,0.05,0,0,
2026-06-10T23:30:00+09:00,0.05,0,0,
2026-06-10T23:40:00+09:00,0.05,0,0,
2026-06-10T23:50:00+09:00,0.05,0,0,
2026-06-11T00:00:00+09:00,0.06,0,0,
2026-06-11T00:10:00+09:00,0.07,0,0,
2026-06-11T00:20:00+09:00,0.07,0,0,
2026-06-11T00:30:00+09:00,0.07,0,0,
2026-06-11T00:40:00+09:00,0.07,0,0,
2026-06-11T00:50:00+09:00,0.07,0,0,
2026-06-11T01:00:00+09:00,0.07,0,0,
2026-06-11T01:10:00+09:00,0.07,0,0,
2026-06-11T01:20:00+09:00,0.07,0,0,
2026-06-11T01:30:00+09:00,,0,0,
2026-06-11T01:40:00+09:00,,0,0,
2026-06-11T01:50:00+09:00,,0,0,
2026-06-11T02:00:00+09:00,,0,0,
2026-06-11T02:10:00+09:00,,0,0,
2026-06-11T02:20:00+09:00,0.06,0,0,
2026-06-11T02:30:00+09:00,0.06,0,0,
2026-06-11T02:40:00+09:00,0.06,0,0,
2026-06-11T02:50:00+09:00,0.06,0,0,
2026-06-11T03:00:00+09:00,0.06,0,0,
2026-06-11T03:10:00+09:00,0.07,0,0,
2026-06-11T03:20:00+09:00,0.07,0,0,
2026-06-11T03:30:00+09:00,0.07,0,0,
2026-06-11T03:40:00+09:00,0.07,0,0,
2026-06-11T03:50:00+09:00,0.07,0,0,
2026-06-11T04:00:00+09:00,0.06,0,0,
2026-06-11T04:10:00+09:00,0.06,0,0,
2026-06-11T04:20:00+09:00,0.06,0,0,
2026-06-11T04:30:00+09:00,0.06,0,0,
2026-06-11T04:40:00+09:00,0.06,0,0,
2026-06-11T04:50:00+09:00,0.05,0,0,
2026-06-11T05:00:00+09:00,0.06,0,0,
2026-06-11T05:10:00+09:00,0.07,0,0,
2026-06-11T05:20:00+09:00,0.06,0,0,
2026-06-11T05:30:00+09:00,0.07,0,0,
2026-06-11T05:40:00+09:00,0.07,0,1,
2026-06-11T05:50:00+09:00,0.06,0,0,
2026-06-11T06:00:00+09:00,0.06,0,0,
2026-06-11T06:10:00+09:00,0.06,0,0,
2026-06-11T06:20:00+09:00,0.06,0,0,
2026-06-11T06:30:00+09:00,0.06,0,0,
2026-06-11T06:40:00+09:00,0.06,0,0,
2026-06-11T06:50:00+09:00,0.07,0,0,
2026-06-11T07:00:00+09:00,0.07,0,0,
2026-06-11T07:10:00+09:00,0.07,0,0,
2026-06-11T07:20:00+09:00,0.07,0,0,
2026-06-11T07:30:00+09:00,0.07,0,0,
2026-06-11T07:40:00+09:00,0.06,0,0,
2026-06-11T07:50:00+09:00,0.06,0,0,
2026-06-11T08:00:00+09:00,0.06,0,0,
2026-06-11T08:10:00+09:00,0.06,0,0,
2026-06-11T08:20:00+09:00,0.06,0,0,
2026-06-11T08:30:00+09:00,0.06,0,0,
2026-06-11T08:40:00+09:00,0.06,0,0,
2026-06-11T08:50:00+09:00,0.05,0,0,
2026-06-11T09:00:00+09:00,0.05,0,0,
2026-06-11T10:20:00+09:00,0.06,0,0,
2026-06-11T10:30:00+09:00,0.06,0,0,
2026-06-11T10:40:00+09:00,0.06,0,0,
2026-06-11T10:50:00+09:00,0.06,0,0,
2026-06-11T11:00:00+09:00,0.07,0,0,
2026-06-11T11:10:00+09:00,0.07,0,0,
2026-06-11T11:20:00+09:00,0.08,0,0,
2026-06-11T11:30:00+09:00,0.08,0,0,
2026-06-11T11:40:00+09:00,0.08,0,0,
2026-06-11T11:50:00+09:00,0.08,0,0,
2026-06-11T12:00:00+09:00,0.08,0,0,
2026-06-11T12:10:00+09:00,0.08,0,0,
2026-06-11T12:20:00+09:00,0.08,0,0,
2026-06-11T12:30:00+09:00,0.08,0,0,
2026-06-11T12:40:00+09:00,0.08,0,0,
2026-06-11T12:50:00+09:00,0.07,0,0,
2026-06-11T13:00:00+09:00,0.08,0,0,
2026-06-11T13:10:00+09:00,0.08,0,0,
2026-06-11T13:20:00+09:00,0.08,0,0,
2026-06-11T13:30:00+09:00,0.08,0,0,
2026-06-11T13:40:00+09:00,0.08,0,0,
2026-06-11T13:50:00+09:00,0.08,0,0,
2026-06-11T14:00:00+09:00,0.09,0,0,
2026-06-11T14:10:00+09:00,0.08,0,0,
2026-06-11T15:00:00+09:00,0.08,0,0,
2026-06-11T15:10:00+09:00,0.08,0,0,
2026-06-11T15:20:00+09:00,0.08,0,0,
2026-06-11T15:30:00+09:00,0.08,0,0,
2026-06-11T15:40:00+09:00,0.08,0,0,
2026-06-11T15:50:00+09:00,0.08,0,0,
2026-06-11T16:00:00+09:00,0.09,0,0,
2026-06-11T16:10:00+09:00,0.08,0,0,
2026-06-11T16:20:00+09:00,0.08,0,0,
2026-06-11T16:30:00+09:00,,0,0,
2026-06-11T16:40:00+09:00,0.08,0,0,
2026-06-11T16:50:00+09:00,0.08,0,0,
2026-06-11T17:00:00+09:00,0.07,0,0,
2026-06-11T17:10:00+09:00,,0,0,
2026-06-11T17:20:00+09:00,0.07,0,0,
2026-06-11T17:30:00+09:00,0.07,0,0,
2026-06-11T17:40:00+09:00,0.07,0,0,
2026-06-11T17:50:00+09:00,0.07,0,0,
2026-06-11T18:00:00+09:00,0.07,0,0,
2026-06-11T18:10:00+09:00,0.08,0,0,
2026-06-11T18:20:00+09:00,0.08,0,0,
2026-06-11T18:30:00+09:00,0.08,0,0,
2026-06-11T18:40:00+09:00,0.07,0,0,
2026-06-11T18:50:00+09:00,0.07,0,0,
2026-06-11T19:30:00+09:00,0.06,0,0,
2026-06-11T19:40:00+09:00,0.06,0,0,
2026-06-11T19:50:00+09:00,0.06,0,0,
2026-06-11T20:00:00+09:00,0.06,0,0,
2026-06-11T20:10:00+09:00,0.06,0,0,
2026-06-11T20:20:00+09:00,0.06,0,0,
2026-06-11T20:30:00+09:00,0.06,0,0,
2026-06-11T20:40:00+09:00,0.06,0,0,
2026-06-11T20:50:00+09:00,0.06,0,0,
2026-06-11T21:00:00+09:00,0.06,0,0,
2026-06-11T21:10:00+09:00,0.05,0,0,
2026-06-11T21:20:00+09:00,0.05,0,0,
2026-06-11T21:30:00+09:00,0.05,0,0,
2026-06-11T21:40:00+09:00,0.05,0,0,
2026-06-11T21:50:00+09:00,0.05,0,0,
2026-06-11T22:00:00+09:00,0.05,0,0,
2026-06-11T22:10:00+09:00,0.05,0,0,
2026-06-11T22:20:00+09:00,0.06,0,0,
2026-06-11T22:30:00+09:00,0.06,0,0,
2026-06-11T22:40:00+09:00,0.06,0,0,
2026-06-11T22:50:00+09:00,0.06,0,0,
2026-06-11T23:00:00+09:00,0.06,0,0,
2026-06-11T23:10:00+09:00,0.06,0,0,
2026-06-11T23:20:00+09:00,0.05,0,0,
2026-06-11T23:30:00+09:00,0.05,0,0,
2026-06-11T23:40:00+09:00,0.04,0,0,
2026-06-11T23:50:00+09:00,0.05,0,0,
2026-06-12T00:00:00+09:00,0.06,0,0,
2026-06-12T00:10:00+09:00,0.07,0,0,
2026-06-12T00:20:00+09:00,0.07,0,0,
2026-06-12T00:30:00+09:00,0.06,0,0,
2026-06-12T00:40:00+09:00,0.06,0,0,
2026-06-12T00:50:00+09:00,0.06,0,0,
2026-06-12T01:00:00+09:00,0.06,0,0,
2026-06-12T01:10:00+09:00,0.06,0,0,
2026-06-12T01:20:00+09:00,0.06,0,0,
2026-06-12T01:30:00+09:00,0.06,0,0,
2026-06-12T01:40:00+09:00,0.05,0,0,
2026-06-12T01:50:00+09:00,0.04,0,0,
2026-06-12T02:00:00+09:00,0.04,0,0,
2026-06-12T02:10:00+09:00,0.04,0,0,
2026-06-12T02:20:00+09:00,0.05,0,0,
2026-06-12T02:30:00+09:00,0.06,0,0,
2026-06-12T02:40:00+09:00,0.06,0,0,
2026-06-12T02:50:00+09:00,0.06,0,0,
2026-06-12T03:00:00+09:00,0.06,0,0,
2026-06-12T03:10:00+09:00,0.07,0,0,
2026-06-12T03:20:00+09:00,0.07,0,0,
2026-06-12T03:30:00+09:00,0.06,0,0,
2026-06-12T03:40:00+09:00,0.07,0,0,
2026-06-12T03:50:00+09:00,0.07,0,0,
2026-06-12T04:00:00+09:00,0.06,0,0,
2026-06-12T04:10:00+09:00,0.06,0,0,
2026-06-12T04:20:00+09:00,0.06,0,0,
2026-06-12T04:30:00+09:00,0.06,0,0,
2026-06-12T04:40:00+09:00,0.05,0,0,
2026-06-12T04:50:00+09:00,0.05,0,0,
2026-06-12T05:00:00+09:00,0.05,0,0,
2026-06-12T05:10:00+09:00,0.07,0,0,
2026-06-12T05:20:00+09:00,0.07,0,0,
2026-06-12T05:30:00+09:00,0.07,0,0,
2026-06-12T05:40:00+09:00,0.07,0,0,
2026-06-12T05:50:00+09:00,0.06,0,0,
2026-06-12T06:00:00+09:00,0.06,0,0,
2026-06-12T06:10:00+09:00,0.06,0,0,
2026-06-12T06:20:00+09:00,0.06,0,0,
2026-06-12T06:30:00+09:00,,0,0,
2026-06-12T06:40:00+09:00,0.05,0,0,
2026-06-12T06:50:00+09:00,0.05,0,0,
2026-06-12T07:00:00+09:00,0.05,0,0,
2026-06-12T07:10:00+09:00,0.05,0,0,
2026-06-12T07:20:00+09:00,0.05,0,0,
2026-06-12T07:30:00+09:00,0.06,0,0,
2026-06-12T07:40:00+09:00,0.07,0,0,
2026-06-12T07:50:00+09:00,0.07,0,0,
2026-06-12T08:00:00+09:00,0.06,0,0,
2026-06-12T08:10:00+09:00,0.06,0,0,
2026-06-12T08:20:00+09:00,0.06,0,0,
2026-06-12T08:30:00+09:00,0.05,0,0,
2026-06-12T08:40:00+09:00,0.04,0,0,
2026-06-12T08:50:00+09:00,0.04,0,0,
2026-06-12T09:00:00+09:00,0.05,0,0,
2026-06-12T09:10:00+09:00,0.05,0,0,
2026-06-12T09:20:00+09:00,0.06,0,0,
2026-06-12T09:30:00+09:00,0.06,0,0,
2026-06-12T09:40:00+09:00,0.07,0,0,
2026-06-12T09:50:00+09:00,0.06,0,0,
2026-06-12T10:00:00+09:00,0.05,0,0,
2026-06-12T10:10:00+09:00,0.05,0,0,
2026-06-12T10:20:00+09:00,0.05,0,0,
2026-06-12T10:30:00+09:00,0.05,0,0,
2026-06-12T10:40:00+09:00,0.05,0,0,
2026-06-12T10:50:00+09:00,0.06,0,0,
2026-06-12T11:00:00+09:00,0.07,0,0,
2026-06-12T11:10:00+09:00,0.07,0,0,
2026-06-12T11:20:00+09:00,0.08,0,0,
2026-06-12T12:10:00+09:00,0.07,0,0,
2026-06-12T12:20:00+09:00,0.07,0,0,
2026-06-12T12:30:00+09:00,0.07,0,0,
2026-06-12T12:40:00+09:00,0.07,0,0,
2026-06-12T12:50:00+09:00,0.07,0,0,
2026-06-12T13:00:00+09:00,0.07,0,0,
2026-06-12T13:10:00+09:00,0.07,0,0,
2026-06-12T13:20:00+09:00,0.07,0,0,
2026-06-12T13:30:00+09:00,0.07,0,0,
2026-06-12T13:40:00+09:00,0.07,0,0,
2026-06-12T13:50:00+09:00,0.07,0,0,
2026-06-12T14:00:00+09:00,0.06,0,0,
2026-06-12T14:10:00+09:00,0.06,0,0,
2026-06-12T14:20:00+09:00,0.07,0,0,
2026-06-12T14:30:00+09:00,0.08,0,0,
2026-06-12T14:40:00+09:00,0.08,0,0,
2026-06-12T14:50:00+09:00,0.07,0,0,
2026-06-12T15:00:00+09:00,0.07,0,0,
2026-06-12T15:10:00+09:00,0.07,0,0,
2026-06-12T15:20:00+09:00,0.07,0,0,
2026-06-12T15:30:00+09:00,0.06,0,0,
2026-06-12T15:40:00+09:00,0.07,0,0,
2026-06-12T15:50:00+09:00,0.07,0,0,
2026-06-12T16:00:00+09:00,0.07,0,0,
2026-06-12T16:30:00+09:00,0.07,0,0,
2026-06-12T16:40:00+09:00,0.07,0,0,
2026-06-12T16:50:00+09:00,0.06,0,0,
2026-06-12T17:00:00+09:00,0.06,0,0,
2026-06-12T17:10:00+09:00,0.06,0,0,
2026-06-12T17:20:00+09:00,0.06,0,0,
2026-06-12T17:30:00+09:00,0.06,0,0,
2026-06-12T17:40:00+09:00,0.06,0,0,
2026-06-12T17:50:00+09:00,0.07,0,0,
2026-06-12T18:00:00+09:00,0.06,0,0,
2026-06-12T18:10:00+09:00,0.06,0,0,
2026-06-12T18:20:00+09:00,0.07,0,0,
2026-06-12T18:30:00+09:00,0.07,0,0,
2026-06-12T18:40:00+09:00,0.06,0,0,
2026-06-12T18:50:00+09:00,0.05,0,0,
2026-06-12T19:00:00+09:00,0.05,0,0,
2026-06-12T19:10:00+09:00,0.06,0,0,
2026-06-12T19:20:00+09:00,0.06,0,0,
2026-06-12T19:30:00+09:00,0.06,0,0,
2026-06-12T19:40:00+09:00,0.06,0,0,
2026-06-12T19:50:00+09:00,0.06,0,0,
2026-06-12T20:00:00+09:00,0.06,0,0,
2026-06-12T20:10:00+09:00,0.06,0,0,
2026-06-12T20:20:00+09:00,0.06,0,0,
2026-06-12T20:30:00+09:00,0.06,0,0,
2026-06-12T20:40:00+09:00,0.06,0,0,
2026-06-12T20:50:00+09:00,0.05,0,0,
2026-06-12T21:00:00+09:00,0.05,0,0,
2026-06-12T21:10:00+09:00,0.05,0,0,
2026-06-12T21:20:00+09:00,0.06,0,0,
2026-06-12T21:30:00+09:00,0.06,0,0,
2026-06-12T21:40:00+09:00,0.05,0,0,
2026-06-12T21:50:00+09:00,0.05,0,0,
2026-06-12T22:00:00+09:00,0.06,0,0,
2026-06-12T22:10:00+09:00,0.06,0,0,
2026-06-12T22:20:00+09:00,0.06,0,0,
2026-06-12T22:30:00+09:00,0.06,0,0,
2026-06-12T22:40:00+09:00,0.06,0,0,
2026-06-12T22:50:00+09:00,0.05,0,0,
2026-06-12T23:00:00+09:00,0.05,0,0,
2026-06-12T23:10:00+09:00,0.04,0,0,
2026-06-12T23:20:00+09:00,0.04,0,0,
2026-06-12T23:30:00+09:00,0.04,0,0,
2026-06-12T23:40:00+09:00,0.05,0,0,
2026-06-12T23:50:00+09:00,0.06,0,0,
2026-06-13T00:00:00+09:00,0.06,0,0,
2026-06-13T00:10:00+09:00,0.06,0,0,
2026-06-13T00:20:00+09:00,0.06,0,0,
2026-06-13T00:30:00+09:00,0.06,0,0,
2026-06-13T00:40:00+09:00,0.06,0,0,
2026-06-13T00:50:00+09:00,0.06,0,0,
2026-06-13T01:00:00+09:00,0.06,0,0,
2026-06-13T01:10:00+09:00,0.06,0,0,
2026-06-13T01:20:00+09:00,0.05,0,0,
2026-06-13T01:30:00+09:00,0.04,0,0,
2026-06-13T01:40:00+09:00,0.04,0,0,
2026-06-13T01:50:00+09:00,0.04,0,0,
2026-06-13T02:00:00+09:00,0.05,0,0,
2026-06-13T02:10:00+09:00,0.05,0,0,
2026-06-13T02:20:00+09:00,0.05,0,0,
2026-06-13T02:30:00+09:00,0.06,0,0,
2026-06-13T02:40:00+09:00,0.06,0,0,
2026-06-13T02:50:00+09:00,0.05,0,0,
2026-06-13T03:00:00+09:00,0.06,0,0,
2026-06-13T03:10:00+09:00,0.06,0,0,
2026-06-13T03:20:00+09:00,0.06,0,0,
2026-06-13T03:30:00+09:00,0.06,0,0,
2026-06-13T03:40:00+09:00,0.06,0,0,
2026-06-13T03:50:00+09:00,0.06,0,0,
2026-06-13T04:00:00+09:00,0.06,0,0,
2026-06-13T04:10:00+09:00,0.05,0,0,
2026-06-13T04:20:00+09:00,0.05,0,0,
2026-06-13T04:30:00+09:00,0.04,0,0,
2026-06-13T04:40:00+09:00,0.04,0,0,
2026-06-13T04:50:00+09:00,0.05,0,0,
2026-06-13T05:00:00+09:00,0.05,0,0,
2026-06-13T05:10:00+09:00,0.05,0,0,
2026-06-13T05:20:00+09:00,0.06,0,0,
2026-06-13T05:30:00+09:00,0.07,0,0,
2026-06-13T05:40:00+09:00,0.07,0,0,
2026-06-13T05:50:00+09:00,0.07,0,0,
2026-06-13T06:00:00+09:00,0.07,0,0,
2026-06-13T06:10:00+09:00,0.07,0,0,
2026-06-13T06:20:00+09:00,0.06,0,0,
2026-06-13T06:30:00+09:00,0.05,0,0,
2026-06-13T06:40:00+09:00,0.05,0,0,
2026-06-13T06:50:00+09:00,0.04,0,0,
2026-06-13T07:00:00+09:00,0.04,0,0,
2026-06-13T07:10:00+09:00,0.04,0,0,
2026-06-13T07:20:00+09:00,0.04,0,0,
2026-06-13T07:30:00+09:00,0.05,0,0,
2026-06-13T07:40:00+09:00,0.05,0,0,
2026-06-13T07:50:00+09:00,0.05,0,0,
2026-06-13T08:00:00+09:00,0.05,0,0,
2026-06-13T08:10:00+09:00,0.06,0,0,
2026-06-13T08:20:00+09:00,0.06,0,0,
2026-06-13T08:30:00+09:00,0.05,0,0,
2026-06-13T08:40:00+09:00,0.05,0,0,
2026-06-13T08:50:00+09:00,0.05,0,0,
2026-06-13T09:00:00+09:00,0.05,0,0,
2026-06-13T09:10:00+09:00,0.05,0,0,
2026-06-13T09:20:00+09:00,0.06,0,0,
2026-06-13T09:30:00+09:00,0.06,0,0,
2026-06-13T09:40:00+09:00,0.07,0,0,
2026-06-13T09:50:00+09:00,0.05,0,0,
2026-06-13T10:00:00+09:00,0.05,0,0,
2026-06-13T10:10:00+09:00,0.05,0,0,
2026-06-13T10:20:00+09:00,0.05,0,0,
2026-06-13T10:30:00+09:00,0.05,0,0,
2026-06-13T10:40:00+09:00,0.06,0,0,
2026-06-13T10:50:00+09:00,0.06,0,0,
2026-06-13T11:00:00+09:00,0.07,0,0,
2026-06-13T11:50:00+09:00,0.06,0,0,
2026-06-13T12:00:00+09:00,0.06,0,0,
2026-06-13T12:10:00+09:00,0.06,0,0,
2026-06-13T12:20:00+09:00,0.06,0,0,
2026-06-13T12:30:00+09:00,0.07,0,0,
2026-06-13T12:40:00+09:00,0.07,0,0,
2026-06-13T12:50:00+09:00,0.07,0,0,
2026-06-13T13:00:00+09:00,0.07,0,0,
2026-06-13T13:10:00+09:00,0.07,0,0,
2026-06-13T13:20:00+09:00,0.07,0,0,
2026-06-13T13:30:00+09:00,0.07,0,0,
2026-06-13T13:40:00+09:00,0.06,0,0,
2026-06-13T13:50:00+09:00,0.06,0,0,
2026-06-13T14:00:00+09:00,0.06,0,0,
2026-06-13T14:10:00+09:00,0.06,0,0,
2026-06-13T14:20:00+09:00,0.06,0,0,
2026-06-13T14:30:00+09:00,0.07,0,0,
2026-06-13T14:40:00+09:00,0.08,0,0,
2026-06-13T14:50:00+09:00,0.07,0,0,
2026-06-13T15:00:00+09:00,0.06,0,0,
2026-06-13T15:10:00+09:00,0.06,0,0,
2026-06-13T15:20:00+09:00,0.07,0,0,
2026-06-13T15:30:00+09:00,0.07,0,0,
2026-06-13T15:40:00+09:00,0.07,0,0,
2026-06-13T15:50:00+09:00,0.07,0,0,
2026-06-13T16:00:00+09:00,0.07,0,0,
2026-06-13T16:10:00+09:00,0.07,0,0,
2026-06-13T16:20:00+09:00,0.08,0,0,
2026-06-13T16:30:00+09:00,0.07,0,0,
2026-06-13T16:40:00+09:00,0.07,0,0,
2026-06-13T16:50:00+09:00,0.06,0,0,
2026-06-13T17:00:00+09:00,0.06,0,0,
2026-06-13T17:10:00+09:00,0.06,0,0,
2026-06-13T17:20:00+09:00,0.06,0,0,
2026-06-13T17:30:00+09:00,0.07,0,0,
2026-06-13T17:40:00+09:00,0.07,0,0,
2026-06-13T17:50:00+09:00,0.06,0,0,
2026-06-13T18:00:00+09:00,0.06,0,0,
2026-06-13T18:10:00+09:00,0.06,0,0,
2026-06-13T18:20:00+09:00,0.06,0,0,
2026-06-13T18:30:00+09:00,0.05,0,0,
2026-06-13T18:40:00+09:00,0.05,0,0,
2026-06-13T18:50:00+09:00,0.05,0,0,
2026-06-13T19:00:00+09:00,0.05,0,0,
2026-06-13T19:10:00+09:00,0.05,0,0,
2026-06-13T19:20:00+09:00,0.05,0,0,
2026-06-13T19:30:00+09:00,0.05,0,0,
2026-06-13T19:40:00+09:00,0.06,0,0,
2026-06-13T19:50:00+09:00,0.06,0,0,
2026-06-13T20:00:00+09:00,0.06,0,0,
2026-06-13T20:10:00+09:00,0.06,0,0,
2026-06-13T20:20:00+09:00,0.06,0,0,
2026-06-13T20:30:00+09:00,0.05,0,0,
2026-06-13T20:40:00+09:00,0.04,0,0,
2026-06-13T20:50:00+09:00,0.04,0,0,
2026-06-13T21:00:00+09:00,0.05,0,0,
2026-06-13T21:10:00+09:00,0.05,0,0,
2026-06-13T21:20:00+09:00,0.05,0,0,
2026-06-13T21:30:00+09:00,0.05,0,0,
2026-06-13T21:40:00+09:00,0.06,0,0,
2026-06-13T21:50:00+09:00,0.06,0,0,
2026-06-13T22:00:00+09:00,0.06,0,0,
2026-06-13T22:10:00+09:00,0.06,0,0,
2026-06-13T22:20:00+09:00,0.05,0,0,
2026-06-13T22:30:00+09:00,0.05,0,0,
2026-06-13T22:40:00+09:00,0.05,0,0,
2026-06-13T22:50:00+09:00,0.04,0,0,
2026-06-13T23:00:00+09:00,0.04,0,0,
2026-06-13T23:10:00+09:00,0.04,0,0,
2026-06-13T23:20:00+09:00,0.05,0,0,
2026-06-13T23:30:00+09:00,0.05,0,0,
2026-06-13T23:40:00+09:00,0.06,0,0,
2026-06-13T23:50:00+09:00,0.06,0,0,
2026-06-14T00:00:00+09:00,0.06,0,0,
2026-06-14T00:10:00+09:00,0.06,0,0,
2026-06-14T00:20:00+09:00,0.06,0,0,
2026-06-14T00:30:00+09:00,0.06,0,0,
2026-06-14T00:40:00+09:00,0.06,0,0,
2026-06-14T00:50:00+09:00,0.06,0,0,
2026-06-14T01:00:00+09:00,0.05,0,0,
2026-06-14T01:10:00+09:00,0.04,0,0,
2026-06-14T01:20:00+09:00,0.04,0,0,
2026-06-14T01:30:00+09:00,0.04,0,0,
2026-06-14T01:40:00+09:00,0.04,0,0,
2026-06-14T01:50:00+09:00,0.05,0,0,
2026-06-14T02:00:00+09:00,0.05,0,0,
2026-06-14T02:10:00+09:00,0.05,0,0,
2026-06-14T02:20:00+09:00,0.05,0,0,
2026-06-14T02:30:00+09:00,0.05,0,0,
2026-06-14T02:40:00+09:00,0.05,0,0,
2026-06-14T02:50:00+09:00,0.05,0,0,
2026-06-14T03:00:00+09:00,0.05,0,0,
2026-06-14T03:10:00+09:00,0.05,0,0,
2026-06-14T03:20:00+09:00,0.06,0,0,
2026-06-14T03:30:00+09:00,0.06,0,0,
2026-06-14T03:40:00+09:00,0.06,0,0,
2026-06-14T03:50:00+09:00,0.05,0,0,
2026-06-14T04:00:00+09:00,0.05,0,0,
2026-06-14T04:10:00+09:00,0.05,0,0,
2026-06-14T04:20:00+09:00,0.04,0,0,
2026-06-14T04:30:00+09:00,0.04,0,0,
2026-06-14T04:40:00+09:00,0.04,0,0,
2026-06-14T04:50:00+09:00,0.05,0,0,
2026-06-14T05:00:00+09:00,0.07,0,0,
2026-06-14T05:10:00+09:00,0.07,0,0,
2026-06-14T05:20:00+09:00,0.07,0,0,
2026-06-14T05:30:00+09:00,0.07,0,0,
2026-06-14T05:40:00+09:00,0.07,0,0,
2026-06-14T05:50:00+09:00,0.07,0,0,
2026-06-14T06:00:00+09:00,0.06,0,0,
2026-06-14T06:10:00+09:00,0.06,0,0,
2026-06-14T06:20:00+09:00,0.06,0,0,
2026-06-14T06:30:00+09:00,0.05,0,0,
2026-06-14T06:40:00+09:00,0.05,0,0,
2026-06-14T06:50:00+09:00,0.04,0,0,
2026-06-14T07:00:00+09:00,0.04,0,0,
2026-06-14T07:10:00+09:00,0.04,0,0,
2026-06-14T07:20:00+09:00,0.04,0,0,
2026-06-14T07:30:00+09:00,0.05,0,0,
2026-06-14T07:40:00+09:00,0.07,0,0,
2026-06-14T07:50:00+09:00,0.07,0,0,
2026-06-14T08:00:00+09:00,0.06,0,0,
2026-06-14T08:10:00+09:00,0.06,0,0,
2026-06-14T08:20:00+09:00,0.05,0,0,
2026-06-14T08:30:00+09:00,0.04,0,0,
2026-06-14T08:40:00+09:00,0.04,0,0,
2026-06-14T08:50:00+09:00,0.05,0,0,
2026-06-14T09:00:00+09:00,0.05,0,0,
2026-06-14T09:10:00+09:00,0.05,0,0,
2026-06-14T09:20:00+09:00,0.05,0,0,
2026-06-14T09:30:00+09:00,0.06,0,0,
2026-06-14T09:40:00+09:00,0.06,0,0,
2026-06-14T09:50:00+09:00,0.05,0,0,
2026-06-14T10:00:00+09:00,0.05,0,0,
2026-06-14T10:10:00+09:00,0.05,0,0,
2026-06-14T10:20:00+09:00,0.05,0,0,
2026-06-14T10:30:00+09:00,0.04,0,0,
2026-06-14T10:40:00+09:00,0.05,0,0,
2026-06-14T10:50:00+09:00,0.06,0,0,
2026-06-14T11:00:00+09:00,0.06,0,0,
2026-06-14T11:10:00+09:00,0.06,0,0,
2026-06-14T11:20:00+09:00,0.06,0,0,
2026-06-14T11:30:00+09:00,0.07,0,0,
2026-06-14T11:40:00+09:00,0.06,0,0,
2026-06-14T11:50:00+09:00,0.06,0,0,
2026-06-14T12:00:00+09:00,0.05,0,0,
2026-06-14T12:10:00+09:00,0.05,0,0,
2026-06-14T12:20:00+09:00,0.06,0,0,
2026-06-14T12:30:00+09:00,0.05,0,0,
2026-06-14T13:10:00+09:00,0.06,0,0,
2026-06-14T13:20:00+09:00,0.07,0,0,
2026-06-14T13:30:00+09:00,0.07,0,0,
2026-06-14T13:40:00+09:00,0.07,0,0,
2026-06-14T13:50:00+09:00,0.06,0,0,
2026-06-14T14:00:00+09:00,0.06,0,0,
2026-06-14T14:10:00+09:00,0.05,0,0,
2026-06-14T14:20:00+09:00,0.06,0,0,
2026-06-14T14:30:00+09:00,0.07,0,0,
2026-06-14T14:40:00+09:00,0.07,0,0,
2026-06-14T14:50:00+09:00,0.06,0,0,
2026-06-14T15:00:00+09:00,0.05,0,0,
2026-06-14T15:10:00+09:00,0.05,0,0,
2026-06-14T15:20:00+09:00,0.05,0,0,
2026-06-14T15:30:00+09:00,0.06,0,0,
2026-06-14T15:40:00+09:00,0.06,0,0,
2026-06-14T15:50:00+09:00,0.06,0,0,
2026-06-14T16:00:00+09:00,0.06,0,0,
2026-06-14T16:10:00+09:00,0.06,0,0,
2026-06-14T16:20:00+09:00,0.06,0,0,
2026-06-14T16:30:00+09:00,0.06,0,0,
2026-06-14T16:40:00+09:00,0.05,0,0,
2026-06-14T16:50:00+09:00,0.05,0,0,
2026-06-14T17:00:00+09:00,0.05,0,0,
2026-06-14T17:10:00+09:00,0.05,0,0,
2026-06-14T17:20:00+09:00,0.05,0,0,
2026-06-14T17:30:00+09:00,0.05,0,0,
2026-06-14T17:40:00+09:00,0.05,0,0,
2026-06-14T17:50:00+09:00,0.05,0,0,
2026-06-14T18:00:00+09:00,0.05,0,0,
2026-06-14T18:10:00+09:00,0.05,0,0,
2026-06-14T18:20:00+09:00,0.06,0,0,
2026-06-14T18:30:00+09:00,0.05,0,0,
2026-06-14T18:40:00+09:00,0.05,0,0,
2026-06-14T18:50:00+09:00,0.05,0,0,
2026-06-14T19:00:00+09:00,0.05,0,0,
2026-06-14T19:10:00+09:00,0.04,0,0,
2026-06-14T19:20:00+09:00,0.04,0,0,
2026-06-14T19:30:00+09:00,0.04,0,0,
2026-06-14T19:40:00+09:00,0.04,0,0,
2026-06-14T19:50:00+09:00,0.04,0,0,
2026-06-14T20:00:00+09:00,0.05,0,0,
2026-06-14T20:10:00+09:00,0.05,0,0,
2026-06-14T20:20:00+09:00,0.05,0,0,
2026-06-14T20:30:00+09:00,0.05,0,0,
2026-06-14T20:40:00+09:00,0.04,0,0,
2026-06-14T20:50:00+09:00,0.04,0,0,
2026-06-14T21:00:00+09:00,0.04,0,0,
2026-06-14T21:10:00+09:00,0.04,0,0,
2026-06-14T21:20:00+09:00,0.05,0,0,
2026-06-14T21:30:00+09:00,0.05,0,0,
2026-06-14T21:40:00+09:00,0.05,0,0,
2026-06-14T21:50:00+09:00,0.05,0,0,
2026-06-14T22:00:00+09:00,0.05,0,0,
2026-06-14T22:10:00+09:00,0.05,0,0,
2026-06-14T22:20:00+09:00,0.05,0,0,
2026-06-14T22:30:00+09:00,0.05,0,0,
2026-06-14T22:40:00+09:00,0.05,0,0,
2026-06-14T22:50:00+09:00,0.04,0,0,
2026-06-14T23:00:00+09:00,0.04,0,0,
2026-06-14T23:10:00+09:00,0.04,0,0,
2026-06-14T23:20:00+09:00,0.04,0,0,
2026-06-14T23:30:00+09:00,0.04,0,0,
2026-06-14T23:40:00+09:00,0.06,1,0,
2026-06-14T23:50:00+09:00,0.10,2,1,
2026-06-15T00:00:00+09:00,0.09,2,3,
2026-06-15T00:10:00+09:00,0.07,1,1,
2026-06-15T00:20:00+09:00,0.10,2,2,
2026-06-15T00:30:00+09:00,0.11,0,1,
2026-06-15T00:40:00+09:00,0.11,0,0,
2026-06-15T00:50:00+09:00,0.11,0,0,
2026-06-15T01:00:00+09:00,0.10,0,0,
2026-06-15T01:10:00+09:00,0.09,0,1,
2026-06-15T01:20:00+09:00,0.07,0,1,
2026-06-15T01:30:00+09:00,0.06,0,0,
2026-06-15T01:40:00+09:00,0.06,0,0,
2026-06-15T01:50:00+09:00,0.06,1,0,
2026-06-15T02:00:00+09:00,0.07,0,0,
2026-06-15T02:10:00+09:00,0.07,0,0,
2026-06-15T02:20:00+09:00,,0,1,
2026-06-15T02:30:00+09:00,0.07,0,0,
2026-06-15T02:40:00+09:00,0.08,0,0,
2026-06-15T02:50:00+09:00,0.07,0,0,
2026-06-15T03:00:00+09:00,0.07,0,0,
2026-06-15T03:10:00+09:00,0.08,1,0,
2026-06-15T03:20:00+09:00,0.08,1,2,
2026-06-15T03:30:00+09:00,0.09,0,1,
2026-06-15T03:40:00+09:00,0.10,1,1,
2026-06-15T03:50:00+09:00,0.10,1,1,
2026-06-15T04:00:00+09:00,0.10,0,0,
2026-06-15T04:10:00+09:00,0.10,0,1,
2026-06-15T04:20:00+09:00,0.09,1,0,
2026-06-15T04:30:00+09:00,0.09,1,1,
2026-06-15T04:40:00+09:00,0.09,0,0,
2026-06-15T04:50:00+09:00,0.09,1,1,
2026-06-15T05:00:00+09:00,0.10,0,0,
2026-06-15T05:10:00+09:00,0.10,0,1,
2026-06-15T05:20:00+09:00,0.09,1,0,
2026-06-15T05:30:00+09:00,0.09,0,1,
2026-06-15T05:40:00+09:00,0.09,1,0,
2026-06-15T05:50:00+09:00,0.09,0,1,
2026-06-15T06:00:00+09:00,0.10,1,0,
2026-06-15T06:10:00+09:00,0.11,0,1,
2026-06-15T06:20:00+09:00,0.10,0,0,
2026-06-15T06:30:00+09:00,0.09,0,0,
2026-06-15T06:40:00+09:00,0.09,0,0,
2026-06-15T06:50:00+09:00,0.08,0,0,
2026-06-15T07:00:00+09:00,0.07,0,0,
2026-06-15T07:10:00+09:00,0.07,0,0,
2026-06-15T07:20:00+09:00,0.06,0,0,
2026-06-15T07:30:00+09:00,0.07,0,0,
2026-06-15T07:40:00+09:00,0.07,0,0,
2026-06-15T07:50:00+09:00,0.07,0,1,
2026-06-15T08:00:00+09:00,0.07,0,0,
2026-06-15T08:10:00+09:00,0.07,0,0,
2026-06-15T08:20:00+09:00,0.06,0,0,
2026-06-15T08:30:00+09:00,0.06,0,1,
2026-06-15T08:40:00+09:00,0.06,0,0,
2026-06-15T08:50:00+09:00,0.06,0,0,
2026-06-15T11:10:00+09:00,0.07,0,0,
2026-06-15T11:20:00+09:00,0.08,0,0,
2026-06-15T11:30:00+09:00,0.08,0,0,
2026-06-15T11:40:00+09:00,0.07,0,0,
2026-06-15T11:50:00+09:00,0.06,0,0,
2026-06-15T12:00:00+09:00,0.06,0,0,
2026-06-15T12:10:00+09:00,0.06,0,0,
2026-06-15T12:20:00+09:00,0.06,0,0,
2026-06-15T12:30:00+09:00,0.07,0,0,
2026-06-15T12:40:00+09:00,0.08,0,0,
2026-06-15T12:50:00+09:00,0.08,0,0,
2026-06-15T13:00:00+09:00,0.08,0,0,
2026-06-15T13:10:00+09:00,0.09,0,0,
2026-06-15T13:20:00+09:00,0.08,0,0,
2026-06-15T13:30:00+09:00,0.08,0,0,
2026-06-15T13:40:00+09:00,0.07,0,0,
2026-06-15T13:50:00+09:00,0.07,0,0,
2026-06-15T14:00:00+09:00,0.06,0,0,
2026-06-15T14:10:00+09:00,0.06,0,0,
2026-06-15T14:20:00+09:00,0.07,1,0,
2026-06-15T14:30:00+09:00,0.08,0,0,
2026-06-15T14:40:00+09:00,0.09,0,0,
2026-06-15T14:50:00+09:00,0.08,0,0,
2026-06-15T15:00:00+09:00,0.07,0,0,
2026-06-15T18:00:00+09:00,0.06,0,0,
2026-06-15T18:10:00+09:00,0.05,0,0,
2026-06-15T18:20:00+09:00,0.05,0,0,
2026-06-15T18:30:00+09:00,0.05,0,0,
2026-06-15T18:40:00+09:00,0.05,0,0,
2026-06-15T18:50:00+09:00,0.05,0,0,
2026-06-15T19:00:00+09:00,0.05,0,0,
2026-06-15T19:10:00+09:00,0.06,0,0,
2026-06-15T19:20:00+09:00,,0,0,
2026-06-15T19:30:00+09:00,0.06,0,0,
2026-06-15T19:40:00+09:00,0.07,0,0,
2026-06-15T19:50:00+09:00,0.06,0,0,
2026-06-15T20:00:00+09:00,0.05,0,0,
2026-06-15T20:10:00+09:00,0.04,0,0,
2026-06-15T20:20:00+09:00,0.04,0,0,
2026-06-15T20:30:00+09:00,0.04,0,0,
2026-06-15T20:40:00+09:00,0.04,0,0,
2026-06-15T20:50:00+09:00,0.04,0,0,
2026-06-15T21:00:00+09:00,0.04,0,0,
2026-06-15T21:10:00+09:00,0.05,0,0,
2026-06-15T21:20:00+09:00,0.06,0,0,
2026-06-15T21:30:00+09:00,0.06,0,0,
2026-06-15T21:40:00+09:00,0.06,0,0,
2026-06-15T21:50:00+09:00,0.06,0,0,
2026-06-15T23:00:00+09:00,0.04,0,0,
2026-06-15T23:10:00+09:00,0.05,0,0,
2026-06-15T23:20:00+09:00,0.06,0,0,
2026-06-15T23:30:00+09:00,0.06,0,0,
2026-06-15T23:40:00+09:00,0.06,0,0,
2026-06-15T23:50:00+09:00,0.05,0,0,
2026-06-16T00:00:00+09:00,0.05,0,0,
2026-06-16T00:10:00+09:00,0.06,0,0,
2026-06-16T00:20:00+09:00,0.06,0,0,
2026-06-16T00:30:00+09:00,0.05,0,0,
2026-06-16T00:40:00+09:00,0.04,0,0,
2026-06-16T00:50:00+09:00,0.04,0,0,
2026-06-16T01:00:00+09:00,0.04,0,0,
2026-06-16T01:10:00+09:00,0.04,0,0,
2026-06-16T01:20:00+09:00,0.05,0,0,
2026-06-16T01:30:00+09:00,0.05,0,0,
2026-06-16T01:40:00+09:00,0.05,0,0,
2026-06-16T01:50:00+09:00,0.05,0,0,
2026-06-16T02:00:00+09:00,0.05,0,0,
2026-06-16T02:10:00+09:00,0.05,0,0,
2026-06-16T02:20:00+09:00,0.05,0,0,
2026-06-16T02:30:00+09:00,0.05,0,0,
2026-06-16T02:40:00+09:00,0.05,0,0,
2026-06-16T02:50:00+09:00,0.05,0,0,
2026-06-16T03:00:00+09:00,0.05,0,0,
2026-06-16T03:10:00+09:00,0.05,0,0,
2026-06-16T03:20:00+09:00,0.05,0,0,
2026-06-16T03:30:00+09:00,0.05,0,0,
2026-06-16T03:40:00+09:00,0.04,0,0,
2026-06-16T03:50:00+09:00,0.04,0,0,
2026-06-16T04:00:00+09:00,0.04,0,0,
2026-06-16T04:10:00+09:00,0.05,0,0,
2026-06-16T04:20:00+09:00,0.05,0,0,
2026-06-16T04:30:00+09:00,0.05,0,0,
2026-06-16T04:40:00+09:00,0.05,0,0,
2026-06-16T04:50:00+09:00,0.06,0,0,
2026-06-16T05:00:00+09:00,0.06,0,0,
2026-06-16T05:10:00+09:00,0.06,0,0,
2026-06-16T05:20:00+09:00,0.07,0,0,
2026-06-16T05:30:00+09:00,0.07,0,0,
2026-06-16T05:40:00+09:00,0.07,0,0,
2026-06-16T05:50:00+09:00,0.06,0,0,
2026-06-16T06:00:00+09:00,0.05,0,0,
2026-06-16T06:10:00+09:00,0.05,0,0,
2026-06-16T06:20:00+09:00,0.05,0,0,
2026-06-16T06:30:00+09:00,0.05,0,0,
2026-06-16T06:40:00+09:00,0.04,0,0,
2026-06-16T06:50:00+09:00,0.04,0,0,
2026-06-16T07:00:00+09:00,0.04,0,0,
2026-06-16T07:10:00+09:00,0.05,0,0,
2026-06-16T07:20:00+09:00,0.05,0,0,
2026-06-16T07:30:00+09:00,0.05,0,0,
2026-06-16T07:40:00+09:00,0.04,0,0,
2026-06-16T07:50:00+09:00,0.04,0,0,
2026-06-16T08:00:00+09:00,0.05,0,0,
2026-06-16T08:10:00+09:00,0.05,0,0,
2026-06-16T08:20:00+09:00,0.05,0,0,
2026-06-16T08:30:00+09:00,0.05,0,0,
2026-06-16T08:40:00+09:00,0.05,0,0,
2026-06-16T08:50:00+09:00,0.05,0,0,
2026-06-16T09:00:00+09:00,0.05,0,0,
2026-06-16T09:10:00+09:00,0.06,0,0,
2026-06-16T11:20:00+09:00,0.05,0,0,
2026-06-16T11:30:00+09:00,0.05,0,0,
2026-06-16T11:40:00+09:00,0.05,0,0,
2026-06-16T11:50:00+09:00,0.06,0,0,
2026-06-16T12:00:00+09:00,0.06,0,0,
2026-06-16T12:10:00+09:00,0.06,0,0,
2026-06-16T12:20:00+09:00,0.06,0,0,
2026-06-16T12:30:00+09:00,0.06,0,0,
2026-06-16T12:40:00+09:00,0.06,0,0,
2026-06-16T12:50:00+09:00,0.06,0,0,
2026-06-16T13:00:00+09:00,0.05,0,0,
2026-06-16T13:10:00+09:00,0.05,0,0,
2026-06-16T13:20:00+09:00,0.05,0,0,
2026-06-16T13:30:00+09:00,0.05,0,0,
2026-06-16T13:40:00+09:00,0.05,0,0,
2026-06-16T13:50:00+09:00,0.06,0,0,
2026-06-16T14:00:00+09:00,0.07,0,0,
2026-06-16T14:10:00+09:00,0.07,0,0,
2026-06-16T14:20:00+09:00,0.07,0,0,
2026-06-16T14:30:00+09:00,0.07,0,0,
2026-06-16T14:40:00+09:00,0.08,0,0,
2026-06-16T14:50:00+09:00,0.06,0,0,
2026-06-16T15:00:00+09:00,0.05,0,0,
2026-06-16T15:10:00+09:00,0.05,0,0,
2026-06-16T17:00:00+09:00,0.06,0,0,
2026-06-16T17:10:00+09:00,0.06,0,0,
2026-06-16T17:20:00+09:00,0.06,0,0,
2026-06-16T17:30:00+09:00,0.05,0,0,
2026-06-16T17:40:00+09:00,0.05,0,0,
2026-06-16T17:50:00+09:00,0.05,0,0,
2026-06-16T18:00:00+09:00,0.05,0,0,
2026-06-16T18:10:00+09:00,0.04,0,0,
2026-06-16T18:20:00+09:00,0.05,0,0,
2026-06-16T18:30:00+09:00,0.06,0,0,
2026-06-16T18:40:00+09:00,0.06,0,0,
2026-06-16T18:50:00+09:00,0.06,0,0,
2026-06-16T19:00:00+09:00,0.06,0,0,
2026-06-16T19:10:00+09:00,0.06,0,0,
2026-06-16T19:20:00+09:00,0.05,0,0,
2026-06-16T19:30:00+09:00,0.05,0,0,
2026-06-16T19:40:00+09:00,0.04,0,0,
2026-06-16T19:50:00+09:00,0.04,0,0,
2026-06-16T20:00:00+09:00,0.04,0,0,
2026-06-16T20:10:00+09:00,0.04,0,0,
2026-06-16T20:20:00+09:00,0.04,0,0,
2026-06-16T20:30:00+09:00,0.04,0,0,
2026-06-16T20:40:00+09:00,0.04,0,0,
2026-06-16T20:50:00+09:00,0.05,0,0,
2026-06-16T22:50:00+09:00,0.05,0,0,
2026-06-16T23:00:00+09:00,0.05,0,0,
2026-06-16T23:10:00+09:00,0.05,0,0,
2026-06-16T23:20:00+09:00,0.05,0,0,
2026-06-16T23:30:00+09:00,0.05,0,0,
2026-06-16T23:40:00+09:00,0.04,0,0,
2026-06-16T23:50:00+09:00,0.04,0,0,
2026-06-17T00:00:00+09:00,0.04,0,0,
2026-06-17T00:10:00+09:00,0.04,0,0,
2026-06-17T00:20:00+09:00,0.04,0,0,
2026-06-17T00:30:00+09:00,0.05,0,0,
2026-06-17T00:40:00+09:00,0.05,0,0,
2026-06-17T00:50:00+09:00,0.04,0,0,
2026-06-17T01:00:00+09:00,0.04,0,0,
2026-06-17T01:10:00+09:00,0.04,0,0,
2026-06-17T01:20:00+09:00,0.04,0,0,
2026-06-17T01:30:00+09:00,0.05,0,0,
2026-06-17T01:40:00+09:00,0.05,0,0,
2026-06-17T01:50:00+09:00,0.05,0,0,
2026-06-17T02:00:00+09:00,0.05,0,0,
2026-06-17T02:10:00+09:00,0.05,0,0,
2026-06-17T02:20:00+09:00,0.04,0,0,
2026-06-17T02:30:00+09:00,0.04,0,0,
2026-06-17T02:40:00+09:00,0.04,0,0,
2026-06-17T02:50:00+09:00,0.04,0,0,
2026-06-17T03:00:00+09:00,0.05,0,0,
2026-06-17T03:10:00+09:00,0.05,0,0,
2026-06-17T03:20:00+09:00,0.05,0,0,
2026-06-17T03:30:00+09:00,0.05,0,0,
2026-06-17T03:40:00+09:00,0.06,0,0,
2026-06-17T03:50:00+09:00,0.06,0,0,
2026-06-17T04:00:00+09:00,0.06,0,0,
2026-06-17T04:10:00+09:00,0.06,0,0,
2026-06-17T04:20:00+09:00,0.06,0,0,
2026-06-17T04:30:00+09:00,0.05,0,0,
2026-06-17T04:40:00+09:00,0.05,0,0,
2026-06-17T04:50:00+09:00,0.05,0,0,
2026-06-17T05:00:00+09:00,0.05,0,0,
2026-06-17T05:10:00+09:00,0.05,0,0,
2026-06-17T05:20:00+09:00,0.04,0,0,
2026-06-17T05:30:00+09:00,0.04,0,0,
2026-06-17T05:40:00+09:00,0.04,0,0,
2026-06-17T05:50:00+09:00,0.05,0,0,
2026-06-17T06:00:00+09:00,0.05,0,0,
2026-06-17T06:10:00+09:00,0.06,0,0,
2026-06-17T06:20:00+09:00,0.06,0,0,
2026-06-17T06:30:00+09:00,0.05,0,0,
2026-06-17T06:40:00+09:00,0.05,0,0,
2026-06-17T06:50:00+09:00,0.04,0,0,
2026-06-17T07:00:00+09:00,0.04,0,0,
2026-06-17T07:10:00+09:00,0.03,0,0,
2026-06-17T07:20:00+09:00,0.03,0,0,
2026-06-17T07:30:00+09:00,0.03,0,0,
2026-06-17T07:40:00+09:00,0.03,0,0,
2026-06-17T07:50:00+09:00,0.03,0,0,
2026-06-17T08:00:00+09:00,0.03,0,0,
2026-06-17T08:10:00+09:00,0.03,0,0,
2026-06-17T08:20:00+09:00,0.05,0,0,
2026-06-17T08:30:00+09:00,0.06,0,0,
2026-06-17T08:40:00+09:00,0.06,0,0,
2026-06-17T08:50:00+09:00,0.06,0,0,
2026-06-17T09:00:00+09:00,0.06,0,0,
2026-06-17T11:00:00+09:00,0.05,0,0,
2026-06-17T11:10:00+09:00,0.05,0,0,
2026-06-17T11:20:00+09:00,0.06,0,0,
2026-06-17T11:30:00+09:00,0.06,,0,
2026-06-17T11:40:00+09:00,0.06,,0,
2026-06-17T11:50:00+09:00,0.06,0,0,
2026-06-17T12:00:00+09:00,0.06,0,0,
2026-06-17T12:10:00+09:00,0.05,0,0,
2026-06-17T12:20:00+09:00,0.04,0,0,
2026-06-17T12:30:00+09:00,0.05,0,0,
2026-06-17T12:40:00+09:00,0.05,0,0,
2026-06-17T12:50:00+09:00,0.05,0,0,
2026-06-17T13:00:00+09:00,0.05,0,0,
2026-06-17T13:10:00+09:00,0.06,0,0,
2026-06-17T13:20:00+09:00,0.06,0,0,
2026-06-17T13:30:00+09:00,0.06,0,0,
2026-06-17T13:40:00+09:00,0.06,0,0,
2026-06-17T13:50:00+09:00,0.06,0,0,
2026-06-17T14:00:00+09:00,0.06,0,0,
2026-06-17T14:10:00+09:00,0.06,0,0,
2026-06-17T14:20:00+09:00,0.05,0,0,
2026-06-17T14:30:00+09:00,0.06,0,0,
2026-06-17T14:40:00+09:00,0.07,0,0,
2026-06-17T14:50:00+09:00,0.05,0,0,
2026-06-17T16:00:00+09:00,0.06,0,0,
2026-06-17T16:10:00+09:00,0.06,0,0,
2026-06-17T16:20:00+09:00,0.06,0,0,
2026-06-17T16:30:00+09:00,0.06,0,0,
2026-06-17T16:40:00+09:00,0.06,0,0,
2026-06-17T16:50:00+09:00,0.06,0,0,
2026-06-17T17:00:00+09:00,0.06,0,0,
2026-06-17T17:10:00+09:00,0.05,0,0,
2026-06-17T17:20:00+09:00,0.04,0,0,
2026-06-17T17:30:00+09:00,0.04,0,0,
2026-06-17T17:40:00+09:00,0.04,0,0,
2026-06-17T17:50:00+09:00,0.04,0,0,
2026-06-17T18:00:00+09:00,0.04,0,0,
2026-06-17T18:10:00+09:00,0.05,0,0,
2026-06-17T18:20:00+09:00,0.05,0,0,
2026-06-17T18:30:00+09:00,0.06,0,0,
2026-06-17T18:40:00+09:00,0.06,0,0,
2026-06-17T18:50:00+09:00,0.05,0,0,
2026-06-17T19:00:00+09:00,0.04,0,0,
2026-06-17T19:10:00+09:00,0.04,0,0,
2026-06-17T19:20:00+09:00,0.04,0,0,
2026-06-17T19:30:00+09:00,0.04,0,0,
2026-06-17T19:40:00+09:00,0.04,0,0,
2026-06-17T19:50:00+09:00,0.04,0,0,
2026-06-17T20:00:00+09:00,0.03,0,0,
2026-06-17T20:10:00+09:00,0.04,0,0,
2026-06-17T20:20:00+09:00,0.05,0,0,
2026-06-17T20:30:00+09:00,0.05,0,0,
2026-06-17T20:40:00+09:00,0.05,0,0,
2026-06-17T20:50:00+09:00,0.04,0,0,
2026-06-17T21:00:00+09:00,0.04,0,0,
2026-06-17T21:10:00+09:00,0.04,0,0,
2026-06-17T21:20:00+09:00,0.04,0,1,
2026-06-17T21:30:00+09:00,0.04,0,0,
2026-06-17T21:40:00+09:00,0.04,0,0,
2026-06-17T21:50:00+09:00,0.04,0,0,
2026-06-17T22:00:00+09:00,0.04,0,1,
2026-06-17T22:10:00+09:00,0.05,0,0,
2026-06-17T22:20:00+09:00,0.05,0,0,
2026-06-17T22:30:00+09:00,0.05,0,0,
2026-06-17T22:40:00+09:00,0.05,0,0,
2026-06-17T22:50:00+09:00,0.05,1,0,
2026-06-17T23:00:00+09:00,0.05,0,0,
2026-06-17T23:10:00+09:00,0.04,0,0,
2026-06-17T23:20:00+09:00,0.04,0,0,
2026-06-17T23:30:00+09:00,0.04,0,0,
2026-06-17T23:40:00+09:00,0.04,0,0,
2026-06-17T23:50:00+09:00,0.05,0,1,
2026-06-18T00:00:00+09:00,0.06,0,0,
2026-06-18T00:10:00+09:00,0.06,1,0,
2026-06-18T00:20:00+09:00,0.06,0,0,
2026-06-18T00:30:00+09:00,0.05,0,1,
2026-06-18T00:40:00+09:00,0.05,0,1,
2026-06-18T00:50:00+09:00,0.05,0,0,
2026-06-18T01:00:00+09:00,0.05,0,0,
2026-06-18T01:10:00+09:00,0.06,1,1,
2026-06-18T01:20:00+09:00,0.06,0,0,
2026-06-18T01:30:00+09:00,0.05,0,1,
2026-06-18T01:40:00+09:00,0.06,1,0,
2026-06-18T01:50:00+09:00,0.06,0,0,
2026-06-18T02:00:00+09:00,0.06,0,1,
2026-06-18T02:10:00+09:00,0.07,0,0,
2026-06-18T02:20:00+09:00,0.07,1,1,
2026-06-18T02:30:00+09:00,0.07,0,0,
2026-06-18T02:40:00+09:00,0.07,1,1,
2026-06-18T02:50:00+09:00,0.07,1,1,
2026-06-18T03:00:00+09:00,0.08,1,1,
2026-06-18T03:10:00+09:00,0.09,1,2,
2026-06-18T03:20:00+09:00,0.11,1,1,
2026-06-18T03:30:00+09:00,0.12,1,1,
2026-06-18T03:40:00+09:00,0.13,1,1,
2026-06-18T03:50:00+09:00,0.14,2,1,
2026-06-18T04:00:00+09:00,0.14,1,2,
2026-06-18T04:10:00+09:00,0.15,1,1,
2026-06-18T04:20:00+09:00,0.15,0,1,
2026-06-18T04:30:00+09:00,0.14,1,0,
2026-06-18T04:40:00+09:00,0.13,0,1,
2026-06-18T04:50:00+09:00,0.13,1,0,
2026-06-18T05:00:00+09:00,0.13,0,1,
2026-06-18T05:10:00+09:00,0.14,1,1,
2026-06-18T05:20:00+09:00,0.14,0,0,
2026-06-18T05:30:00+09:00,0.14,1,0,
2026-06-18T05:40:00+09:00,0.14,0,0,
2026-06-18T05:50:00+09:00,0.14,0,0,
2026-06-18T06:00:00+09:00,0.13,1,1,
2026-06-18T06:10:00+09:00,0.12,0,0,
2026-06-18T06:20:00+09:00,0.12,0,0,
2026-06-18T06:30:00+09:00,0.11,0,0,
2026-06-18T06:40:00+09:00,0.10,0,0,
2026-06-18T06:50:00+09:00,0.09,0,1,
2026-06-18T07:00:00+09:00,0.09,1,0,
2026-06-18T07:10:00+09:00,0.08,0,0,
2026-06-18T07:20:00+09:00,0.09,0,1,
2026-06-18T07:30:00+09:00,0.10,0,0,
2026-06-18T07:40:00+09:00,0.10,0,0,
2026-06-18T07:50:00+09:00,0.10,1,0,
2026-06-18T08:00:00+09:00,0.10,0,1,
2026-06-18T08:10:00+09:00,0.10,0,0,
2026-06-18T08:20:00+09:00,0.10,0,0,
2026-06-18T08:30:00+09:00,0.09,0,0,
2026-06-18T08:40:00+09:00,0.09,0,0,
2026-06-18T08:50:00+09:00,0.08,0,0,
2026-06-18T09:00:00+09:00,0.08,0,0,
2026-06-18T09:10:00+09:00,0.08,0,0,
2026-06-18T09:20:00+09:00,0.08,0,0,
2026-06-18T09:30:00+09:00,0.08,0,0,
2026-06-18T09:40:00+09:00,0.08,0,0,
2026-06-18T09:50:00+09:00,0.07,0,0,
2026-06-18T10:00:00+09:00,0.07,0,0,
2026-06-18T10:10:00+09:00,0.07,0,0,
2026-06-18T10:20:00+09:00,0.07,0,0,
2026-06-18T10:30:00+09:00,0.07,0,0,
2026-06-18T10:40:00+09:00,0.08,0,0,
2026-06-18T10:50:00+09:00,0.08,0,0,
2026-06-18T11:00:00+09:00,0.08,0,0,
2026-06-18T11:10:00+09:00,0.08,0,0,
2026-06-18T11:20:00+09:00,0.08,0,0,
2026-06-18T11:30:00+09:00,0.08,0,0,
2026-06-18T12:30:00+09:00,0.07,0,0,
2026-06-18T12:40:00+09:00,0.08,0,0,
2026-06-18T12:50:00+09:00,0.08,0,0,
2026-06-18T13:00:00+09:00,0.08,0,0,
2026-06-18T13:10:00+09:00,0.08,0,0,
2026-06-18T13:20:00+09:00,0.08,0,0,
2026-06-18T13:30:00+09:00,0.08,0,0,
2026-06-18T13:40:00+09:00,0.08,0,0,
2026-06-18T13:50:00+09:00,0.07,0,0,
2026-06-18T14:00:00+09:00,0.07,0,0,
2026-06-18T14:10:00+09:00,0.07,0,0,
2026-06-18T14:20:00+09:00,0.07,0,0,
2026-06-18T14:30:00+09:00,0.07,0,0,
2026-06-18T14:40:00+09:00,0.08,0,0,
2026-06-18T14:50:00+09:00,0.07,0,0,
2026-06-18T15:00:00+09:00,0.06,0,0,
2026-06-18T15:10:00+09:00,0.06,0,0,
2026-06-18T15:20:00+09:00,0.07,0,0,
2026-06-18T15:30:00+09:00,0.08,0,0,
2026-06-18T15:40:00+09:00,0.07,0,0,
2026-06-18T15:50:00+09:00,0.08,0,0,
2026-06-18T16:00:00+09:00,0.08,0,0,
2026-06-18T16:10:00+09:00,0.08,0,0,
2026-06-18T16:20:00+09:00,0.08,0,0,
2026-06-18T16:40:00+09:00,0.07,0,0,
2026-06-18T16:50:00+09:00,0.07,0,0,
2026-06-18T17:00:00+09:00,0.07,0,0,
2026-06-18T17:10:00+09:00,0.06,0,0,
2026-06-18T17:20:00+09:00,0.06,0,0,
2026-06-18T17:30:00+09:00,0.07,0,0,
2026-06-18T17:40:00+09:00,0.07,0,0,
2026-06-18T17:50:00+09:00,0.07,0,0,
2026-06-18T18:00:00+09:00,0.07,0,0,
2026-06-18T18:10:00+09:00,0.08,0,0,
2026-06-18T18:20:00+09:00,0.07,0,0,
2026-06-18T18:30:00+09:00,0.07,0,0,
2026-06-18T18:40:00+09:00,0.07,0,0,
2026-06-18T18:50:00+09:00,0.07,0,0,
2026-06-18T19:00:00+09:00,0.07,0,0,
2026-06-18T19:10:00+09:00,0.06,0,0,
2026-06-18T19:20:00+09:00,0.06,0,0,
2026-06-18T19:30:00+09:00,0.06,0,0,
2026-06-18T19:40:00+09:00,0.06,0,0,
2026-06-18T19:50:00+09:00,0.06,0,0,
2026-06-18T20:00:00+09:00,0.06,0,0,
2026-06-18T20:10:00+09:00,0.06,0,0,
2026-06-18T20:20:00+09:00,0.06,0,0,
2026-06-18T20:30:00+09:00,0.05,0,0,
2026-06-18T20:40:00+09:00,0.06,0,0,
2026-06-18T20:50:00+09:00,0.06,0,0,
2026-06-18T21:00:00+09:00,0.06,0,0,
2026-06-18T21:10:00+09:00,0.07,0,0,
2026-06-18T21:20:00+09:00,0.07,0,0,
2026-06-18T21:30:00+09:00,0.07,0,0,
2026-06-18T21:40:00+09:00,0.06,0,0,
2026-06-18T21:50:00+09:00,0.06,0,0,
2026-06-18T22:00:00+09:00,0.06,0,0,
2026-06-18T22:10:00+09:00,0.06,0,0,
2026-06-18T22:20:00+09:00,0.05,0,0,
2026-06-18T22:30:00+09:00,0.05,0,0,
2026-06-18T22:40:00+09:00,0.05,0,0,
2026-06-18T22:50:00+09:00,0.05,0,0,
2026-06-18T23:00:00+09:00,0.05,0,0,
2026-06-18T23:10:00+09:00,0.06,0,0,
2026-06-18T23:20:00+09:00,0.06,0,0,
2026-06-18T23:30:00+09:00,0.06,0,0,
2026-06-18T23:40:00+09:00,0.06,0,0,
2026-06-18T23:50:00+09:00,0.06,0,0,
2026-06-19T00:00:00+09:00,0.06,0,0,
2026-06-19T00:10:00+09:00,0.06,0,0,
2026-06-19T00:20:00+09:00,0.06,0,0,
2026-06-19T00:30:00+09:00,0.06,0,0,
2026-06-19T00:40:00+09:00,0.05,0,0,
2026-06-19T00:50:00+09:00,0.04,0,0,
2026-06-19T01:00:00+09:00,0.04,0,0,
2026-06-19T01:10:00+09:00,0.04,0,0,
2026-06-19T01:20:00+09:00,0.05,0,0,
2026-06-19T01:30:00+09:00,0.06,0,0,
2026-06-19T01:40:00+09:00,0.06,0,0,
2026-06-19T01:50:00+09:00,0.06,0,0,
2026-06-19T02:00:00+09:00,0.06,0,0,
2026-06-19T02:10:00+09:00,0.06,0,0,
2026-06-19T02:20:00+09:00,0.06,0,0,
2026-06-19T02:30:00+09:00,0.06,0,0,
2026-06-19T02:40:00+09:00,0.06,0,0,
2026-06-19T02:50:00+09:00,0.06,0,0,
2026-06-19T03:00:00+09:00,0.06,0,0,
2026-06-19T03:10:00+09:00,0.06,0,0,
2026-06-19T03:20:00+09:00,0.06,0,0,
2026-06-19T03:30:00+09:00,0.06,0,0,
2026-06-19T03:40:00+09:00,0.06,0,0,
2026-06-19T03:50:00+09:00,0.06,0,0,
2026-06-19T04:00:00+09:00,0.06,0,0,
2026-06-19T04:10:00+09:00,0.05,0,0,
2026-06-19T04:20:00+09:00,0.05,0,0,
2026-06-19T04:30:00+09:00,0.05,0,0,
2026-06-19T04:40:00+09:00,0.05,0,0,
2026-06-19T04:50:00+09:00,0.05,0,0,
2026-06-19T05:00:00+09:00,0.07,0,0,
2026-06-19T05:10:00+09:00,0.07,0,0,
2026-06-19T05:20:00+09:00,0.07,0,0,
2026-06-19T05:30:00+09:00,0.07,0,0,
2026-06-19T05:40:00+09:00,0.07,0,0,
2026-06-19T05:50:00+09:00,0.06,0,0,
2026-06-19T06:00:00+09:00,0.06,0,0,
2026-06-19T06:10:00+09:00,0.06,0,0,
2026-06-19T06:20:00+09:00,0.06,0,0,
2026-06-19T06:30:00+09:00,0.05,0,0,
2026-06-19T06:40:00+09:00,0.05,0,0,
2026-06-19T06:50:00+09:00,0.05,0,0,
2026-06-19T07:00:00+09:00,0.05,0,0,
2026-06-19T07:10:00+09:00,0.05,0,0,
2026-06-19T07:20:00+09:00,0.05,0,0,
2026-06-19T07:30:00+09:00,0.05,0,0,
2026-06-19T07:40:00+09:00,0.05,0,0,
2026-06-19T07:50:00+09:00,0.06,0,0,
2026-06-19T08:00:00+09:00,0.06,0,0,
2026-06-19T08:10:00+09:00,0.06,0,0,
2026-06-19T08:20:00+09:00,0.06,0,0,
2026-06-19T08:30:00+09:00,0.06,0,0,
2026-06-19T08:40:00+09:00,0.05,0,0,
2026-06-19T08:50:00+09:00,0.05,0,0,
2026-06-19T09:00:00+09:00,0.05,0,0,
2026-06-19T09:10:00+09:00,0.05,0,0,
2026-06-19T11:10:00+09:00,0.07,0,0,
2026-06-19T11:20:00+09:00,0.07,0,0,
2026-06-19T11:30:00+09:00,0.06,0,0,
2026-06-19T11:40:00+09:00,0.06,0,0,
2026-06-19T11:50:00+09:00,0.06,0,0,
2026-06-19T12:00:00+09:00,0.05,0,0,
2026-06-19T12:10:00+09:00,0.05,0,0,
2026-06-19T12:20:00+09:00,0.05,0,0,
2026-06-19T12:30:00+09:00,0.06,0,0,
2026-06-19T12:40:00+09:00,0.06,0,0,
2026-06-19T12:50:00+09:00,0.07,0,0,
2026-06-19T13:00:00+09:00,0.07,0,0,
2026-06-19T13:10:00+09:00,0.07,0,0,
2026-06-19T13:20:00+09:00,0.07,0,0,
2026-06-19T13:30:00+09:00,0.07,0,0,
2026-06-19T13:40:00+09:00,0.07,0,0,
2026-06-19T13:50:00+09:00,0.07,0,0,
2026-06-19T14:00:00+09:00,0.06,0,0,
2026-06-19T14:10:00+09:00,0.05,0,0,
2026-06-19T14:20:00+09:00,0.05,0,0,
2026-06-19T14:30:00+09:00,0.06,0,0,
2026-06-19T14:40:00+09:00,0.07,0,0,
2026-06-19T14:50:00+09:00,0.05,0,0,
2026-06-19T15:00:00+09:00,0.05,0,0,
2026-06-19T16:10:00+09:00,0.07,0,0,
2026-06-19T16:20:00+09:00,0.07,0,0,
2026-06-19T16:30:00+09:00,0.07,0,0,
2026-06-19T16:40:00+09:00,0.07,0,0,
2026-06-19T16:50:00+09:00,0.06,0,0,
2026-06-19T17:00:00+09:00,0.06,0,0,
2026-06-19T17:10:00+09:00,0.05,0,0,
2026-06-19T17:20:00+09:00,0.05,0,0,
2026-06-19T17:30:00+09:00,0.05,0,0,
2026-06-19T17:40:00+09:00,0.05,0,0,
2026-06-19T17:50:00+09:00,0.05,0,0,
2026-06-19T18:00:00+09:00,0.06,0,0,
2026-06-19T18:10:00+09:00,0.07,0,0,
2026-06-19T18:20:00+09:00,0.07,0,0,
2026-06-19T18:30:00+09:00,0.07,0,0,
2026-06-19T18:40:00+09:00,0.07,0,0,
2026-06-19T18:50:00+09:00,0.06,0,0,
2026-06-19T19:00:00+09:00,0.06,0,0,
2026-06-19T19:10:00+09:00,0.05,0,0,
2026-06-19T19:20:00+09:00,0.05,0,0,
2026-06-19T19:30:00+09:00,0.05,0,0,
2026-06-19T19:40:00+09:00,0.04,0,0,
2026-06-19T19:50:00+09:00,0.04,0,0,
2026-06-19T20:00:00+09:00,0.05,0,0,
2026-06-19T20:10:00+09:00,0.06,0,0,
2026-06-19T20:20:00+09:00,0.06,0,0,
2026-06-19T20:30:00+09:00,0.06,0,0,
2026-06-19T20:40:00+09:00,0.06,0,0,
2026-06-19T20:50:00+09:00,0.06,0,0,
2026-06-19T21:00:00+09:00,0.05,0,0,
2026-06-19T21:10:00+09:00,0.05,0,0,
2026-06-19T21:20:00+09:00,0.05,0,0,
2026-06-19T21:30:00+09:00,0.05,0,0,
2026-06-19T21:40:00+09:00,0.04,0,0,
2026-06-19T21:50:00+09:00,0.04,0,0,
2026-06-19T22:00:00+09:00,0.04,0,0,
2026-06-19T22:10:00+09:00,0.05,0,0,
2026-06-19T22:20:00+09:00,0.06,0,0,
2026-06-19T22:30:00+09:00,0.06,0,0,
2026-06-19T22:40:00+09:00,0.06,0,0,
2026-06-19T22:50:00+09:00,0.06,0,0,
2026-06-19T23:00:00+09:00,0.06,0,0,
2026-06-19T23:10:00+09:00,0.05,0,0,
2026-06-19T23:20:00+09:00,0.05,0,0,
2026-06-19T23:30:00+09:00,0.05,0,0,
2026-06-19T23:40:00+09:00,0.04,0,0,
2026-06-19T23:50:00+09:00,0.04,0,0,
2026-06-20T00:00:00+09:00,0.05,0,0,
2026-06-20T00:10:00+09:00,0.05,0,0,
2026-06-20T00:20:00+09:00,0.05,0,0,
2026-06-20T00:30:00+09:00,0.06,0,0,
2026-06-20T00:40:00+09:00,0.06,0,0,
2026-06-20T00:50:00+09:00,0.06,0,0,
2026-06-20T01:00:00+09:00,0.06,0,0,
2026-06-20T01:10:00+09:00,0.06,0,0,
2026-06-20T01:20:00+09:00,0.06,0,0,
2026-06-20T01:30:00+09:00,0.06,0,0,
2026-06-20T01:40:00+09:00,0.05,0,0,
2026-06-20T01:50:00+09:00,0.04,0,0,
2026-06-20T02:00:00+09:00,0.04,0,0,
2026-06-20T02:10:00+09:00,0.05,0,0,
2026-06-20T02:20:00+09:00,0.05,0,0,
2026-06-20T02:30:00+09:00,0.05,0,0,
2026-06-20T02:40:00+09:00,0.05,0,0,
2026-06-20T02:50:00+09:00,0.05,0,0,
2026-06-20T03:00:00+09:00,0.05,0,0,
2026-06-20T03:10:00+09:00,0.05,0,0,
2026-06-20T03:20:00+09:00,0.05,0,0,
2026-06-20T03:30:00+09:00,0.05,0,0,
2026-06-20T03:40:00+09:00,0.05,0,0,
2026-06-20T03:50:00+09:00,0.05,0,0,
2026-06-20T04:00:00+09:00,0.05,0,0,
2026-06-20T04:10:00+09:00,0.05,0,0,
2026-06-20T04:20:00+09:00,0.05,0,0,
2026-06-20T04:30:00+09:00,0.05,0,0,
2026-06-20T04:40:00+09:00,0.05,0,0,
2026-06-20T04:50:00+09:00,0.05,0,0,
2026-06-20T05:00:00+09:00,0.04,0,0,
2026-06-20T05:10:00+09:00,0.04,0,0,
2026-06-20T05:20:00+09:00,0.04,0,0,
2026-06-20T05:30:00+09:00,0.04,0,0,
2026-06-20T05:40:00+09:00,0.05,0,0,
2026-06-20T05:50:00+09:00,0.06,0,0,
2026-06-20T06:00:00+09:00,0.07,0,0,
2026-06-20T06:10:00+09:00,0.06,0,0,
2026-06-20T06:20:00+09:00,0.06,0,0,
2026-06-20T06:30:00+09:00,0.06,0,0,
2026-06-20T06:40:00+09:00,0.05,0,0,
2026-06-20T06:50:00+09:00,0.05,0,0,
2026-06-20T07:00:00+09:00,0.04,0,0,
2026-06-20T07:10:00+09:00,0.03,0,0,
2026-06-20T07:20:00+09:00,0.04,0,0,
2026-06-20T07:30:00+09:00,0.05,0,0,
2026-06-20T07:40:00+09:00,0.06,0,0,
2026-06-20T07:50:00+09:00,0.06,0,0,
2026-06-20T08:00:00+09:00,0.07,0,0,
2026-06-20T08:10:00+09:00,0.07,0,0,
2026-06-20T08:20:00+09:00,0.06,0,0,
2026-06-20T08:30:00+09:00,0.06,0,0,
2026-06-20T08:40:00+09:00,0.06,0,0,
2026-06-20T08:50:00+09:00,0.05,0,0,
2026-06-20T09:00:00+09:00,0.05,0,0,
2026-06-20T09:10:00+09:00,0.05,0,0,
2026-06-20T09:20:00+09:00,0.05,0,0,
2026-06-20T09:30:00+09:00,0.07,0,0,
2026-06-20T09:40:00+09:00,0.10,1,0,
2026-06-20T09:50:00+09:00,0.13,3,0,
2026-06-20T10:00:00+09:00,0.14,2,0,
2026-06-20T10:10:00+09:00,0.15,0,1,
2026-06-20T10:20:00+09:00,0.19,1,0,
2026-06-20T10:30:00+09:00,0.18,0,1,
2026-06-20T10:40:00+09:00,0.15,0,0,
2026-06-20T10:50:00+09:00,0.14,0,0,
2026-06-20T11:00:00+09:00,0.13,0,0,
2026-06-20T11:10:00+09:00,0.11,0,0,
2026-06-20T11:20:00+09:00,0.10,0,0,
2026-06-20T11:30:00+09:00,0.09,0,0,
2026-06-20T11:40:00+09:00,0.09,1,1,
2026-06-20T11:50:00+09:00,0.09,0,0,
2026-06-20T12:00:00+09:00,0.08,1,0,
2026-06-20T12:10:00+09:00,0.09,0,0,
2026-06-20T12:20:00+09:00,0.10,0,1,
2026-06-20T12:30:00+09:00,0.09,1,0,
2026-06-20T12:40:00+09:00,0.09,0,1,
2026-06-20T12:50:00+09:00,0.10,0,3,
2026-06-20T13:00:00+09:00,0.09,1,4,
2026-06-20T13:10:00+09:00,0.09,0,2,
2026-06-20T13:20:00+09:00,0.10,1,1,
2026-06-20T13:30:00+09:00,0.10,0,1,
2026-06-20T13:40:00+09:00,0.10,1,0,
2026-06-20T13:50:00+09:00,0.11,0,0,
2026-06-20T14:00:00+09:00,0.11,1,0,
2026-06-20T14:10:00+09:00,0.10,0,1,
2026-06-20T14:20:00+09:00,0.09,0,1,
2026-06-20T14:30:00+09:00,0.10,0,0,
2026-06-20T14:40:00+09:00,0.09,1,0,
2026-06-20T14:50:00+09:00,0.08,0,1,
2026-06-20T15:00:00+09:00,0.08,0,0,
2026-06-20T15:10:00+09:00,0.08,0,0,
2026-06-20T15:20:00+09:00,0.08,0,0,
2026-06-20T15:30:00+09:00,0.09,1,1,
2026-06-20T15:40:00+09:00,0.10,1,1,
2026-06-20T15:50:00+09:00,0.11,1,0,
2026-06-20T16:00:00+09:00,0.11,0,1,
2026-06-20T16:10:00+09:00,0.13,4,1,
2026-06-20T16:20:00+09:00,0.13,0,0,
2026-06-20T16:30:00+09:00,0.16,1,1,
2026-06-20T16:40:00+09:00,0.16,0,0,
2026-06-20T16:50:00+09:00,0.14,0,0,
2026-06-20T17:00:00+09:00,0.12,0,0,
2026-06-20T17:10:00+09:00,0.12,0,0,
2026-06-20T17:20:00+09:00,0.12,1,0,
2026-06-20T17:30:00+09:00,0.11,0,1,
2026-06-20T17:40:00+09:00,0.11,0,0,
2026-06-20T17:50:00+09:00,0.11,0,0,
2026-06-20T18:00:00+09:00,0.12,1,0,
2026-06-20T18:10:00+09:00,0.12,0,1,
2026-06-20T18:20:00+09:00,0.11,0,0,
2026-06-20T18:30:00+09:00,0.11,0,0,
2026-06-20T18:40:00+09:00,0.11,0,0,
2026-06-20T18:50:00+09:00,0.10,0,0,
2026-06-20T19:00:00+09:00,0.10,1,1,
2026-06-20T19:10:00+09:00,0.09,0,0,
2026-06-20T19:20:00+09:00,0.09,0,0,
2026-06-20T19:30:00+09:00,0.09,0,2,
2026-06-20T19:40:00+09:00,0.09,2,2,
2026-06-20T19:50:00+09:00,0.10,1,1,
2026-06-20T20:00:00+09:00,0.12,1,1,
2026-06-20T20:10:00+09:00,0.15,2,1,
2026-06-20T20:20:00+09:00,0.17,0,0,
2026-06-20T20:30:00+09:00,0.17,1,2,
2026-06-20T20:40:00+09:00,0.16,0,0,
2026-06-20T20:50:00+09:00,0.14,0,0,
2026-06-20T21:00:00+09:00,0.12,0,1,
2026-06-20T21:10:00+09:00,0.12,1,1,
2026-06-20T21:20:00+09:00,0.11,2,3,
2026-06-20T21:30:00+09:00,0.13,1,1,
2026-06-20T21:40:00+09:00,0.13,2,1,
2026-06-20T21:50:00+09:00,0.16,1,1,
2026-06-20T22:00:00+09:00,0.16,0,0,
2026-06-20T22:10:00+09:00,0.14,0,0,
2026-06-20T22:20:00+09:00,0.13,0,1,
2026-06-20T22:30:00+09:00,0.13,1,1,
2026-06-20T22:40:00+09:00,0.13,1,2,
2026-06-20T22:50:00+09:00,0.13,1,1,
2026-06-20T23:00:00+09:00,0.13,1,1,
2026-06-20T23:10:00+09:00,0.14,1,1,
2026-06-20T23:20:00+09:00,0.15,1,1,
2026-06-20T23:30:00+09:00,0.17,0,1,
2026-06-20T23:40:00+09:00,0.19,1,1,
2026-06-20T23:50:00+09:00,0.19,1,0,
2026-06-21T00:00:00+09:00,0.18,0,1,
2026-06-21T00:10:00+09:00,0.18,0,0,
2026-06-21T00:20:00+09:00,0.17,1,1,
2026-06-21T00:30:00+09:00,0.16,0,0,
2026-06-21T00:40:00+09:00,0.16,0,0,
2026-06-21T00:50:00+09:00,0.15,0,1,
2026-06-21T01:00:00+09:00,0.15,0,0,
2026-06-21T01:10:00+09:00,0.15,1,1,
2026-06-21T01:20:00+09:00,0.14,0,1,
2026-06-21T01:30:00+09:00,0.15,1,1,
2026-06-21T01:40:00+09:00,0.15,1,1,
2026-06-21T01:50:00+09:00,0.16,0,0,
2026-06-21T02:00:00+09:00,0.18,1,1,
2026-06-21T02:10:00+09:00,0.22,2,2,
2026-06-21T02:20:00+09:00,0.25,2,2,
2026-06-21T02:30:00+09:00,0.32,3,1,
2026-06-21T02:40:00+09:00,0.29,1,2,
2026-06-21T02:50:00+09:00,0.29,2,1,
2026-06-21T03:00:00+09:00,0.27,1,1,
2026-06-21T03:10:00+09:00,0.25,0,0,
2026-06-21T03:20:00+09:00,0.24,2,2,
2026-06-21T03:30:00+09:00,0.24,1,2,
2026-06-21T03:40:00+09:00,0.24,1,1,
2026-06-21T03:50:00+09:00,0.26,1,2,
2026-06-21T04:00:00+09:00,0.28,1,1,
2026-06-21T04:10:00+09:00,0.28,0,0,
2026-06-21T04:20:00+09:00,0.28,0,0,
2026-06-21T04:30:00+09:00,0.26,0,0,
2026-06-21T04:40:00+09:00,0.25,0,1,
2026-06-21T04:50:00+09:00,0.25,0,0,
2026-06-21T05:00:00+09:00,0.25,0,0,
