timestamp,station,rain_10min_mm,rain_cum_mm,status,fetched_at
2026-06-09T17:40:00+09:00,南郷山,0,0,ok,2026-06-09T21:35:00+09:00
2026-06-09T17:50:00+09:00,南郷山,0,0,ok,2026-06-09T21:35:00+09:00
2026-06-09T18:00:00+09:00,南郷山,0,0,ok,2026-06-09T21:35:00+09:00
2026-06-09T18:10:00+09:00,南郷山,0,0,ok,2026-06-09T21:35:00+09:00
2026-06-09T18:20:00+09:00,南郷山,0,0,ok,2026-06-09T21:35:00+09:00
2026-06-09T18:30:00+09:00,南郷山,1,1,ok,2026-06-09T21:35:00+09:00
2026-06-09T18:40:00+09:00,南郷山,0,1,ok,2026-06-09T21:35:00+09:00
2026-06-09T18:50:00+09:00,南郷山,0,1,ok,2026-06-09T21:35:00+09:00
2026-06-09T19:00:00+09:00,南郷山,0,1,ok,2026-06-09T21:35:00+09:00
2026-06-09T19:10:00+09:00,南郷山,0,1,ok,2026-06-09T21:35:00+09:00
2026-06-09T19:20:00+09:00,南郷山,0,1,ok,2026-06-09T21:35:00+09:00
2026-06-09T19:30:00+09:00,南郷山,0,1,ok,2026-06-09T21:35:00+09:00
2026-06-09T19:40:00+09:00,南郷山,0,1,ok,2026-06-09T21:35:00+09:00
2026-06-09T19:50:00+09:00,南郷山,0,1,ok,2026-06-09T21:35:00+09:00
2026-06-09T20:00:00+09:00,南郷山,0,1,ok,2026-06-09T21:35:00+09:00
2026-06-09T20:10:00+09:00,南郷山,0,1,ok,2026-06-09T21:35:00+09:00
2026-06-09T20:20:00+09:00,南郷山,0,1,ok,2026-06-09T21:35:00+09:00
2026-06-09T20:30:00+09:00,南郷山,0,1,ok,2026-06-09T21:35:00+09:00
2026-06-09T20:40:00+09:00,南郷山,0,1,ok,2026-06-09T21:35:00+09:00
2026-06-09T20:50:00+09:00,南郷山,0,1,ok,2026-06-09T21:35:00+09:00
2026-06-09T21:00:00+09:00,南郷山,0,1,ok,2026-06-09T21:35:00+09:00
2026-06-09T21:10:00+09:00,南郷山,0,1,ok,2026-06-09T21:35:00+09:00
2026-06-09T21:20:00+09:00,南郷山,0,1,ok,2026-06-09T21:35:00+09:00
2026-06-09T21:30:00+09:00,南郷山,0,1,ok,2026-06-09T21:35:00+09:00
2026-06-10T04:30:00+09:00,南郷山,0,0,ok,2026-06-10T08:30:39.775241+09:00
2026-06-10T04:30:00+09:00,浅間山,,,missing,2026-06-10T08:30:39.775241+09:00
2026-06-10T04:30:00+09:00,白銀山,0,0,ok,2026-06-10T08:30:39.775241+09:00
2026-06-10T04:40:00+09:00,南郷山,0,0,ok,2026-06-10T08:30:39.775241+09:00
2026-06-10T04:40:00+09:00,浅間山,,,missing,2026-06-10T08:30:39.775241+09:00
2026-06-10T04:40:00+09:00,白銀山,0,0,ok,2026-06-10T08:30:39.775241+09:00
2026-06-10T04:50:00+09:00,南郷山,0,0,ok,2026-06-10T08:30:39.775241+09:00
2026-06-10T04:50:00+09:00,浅間山,,,missing,2026-06-10T08:30:39.775241+09:00
2026-06-10T04:50:00+09:00,白銀山,0,0,ok,2026-06-10T08:30:39.775241+09:00
2026-06-10T05:00:00+09:00,南郷山,0,0,ok,2026-06-10T08:30:39.775241+09:00
2026-06-10T05:00:00+09:00,浅間山,,,missing,2026-06-10T08:30:39.775241+09:00
2026-06-10T05:00:00+09:00,白銀山,0,0,ok,2026-06-10T08:30:39.775241+09:00
2026-06-10T05:10:00+09:00,南郷山,0,0,ok,2026-06-10T08:30:39.775241+09:00
2026-06-10T05:10:00+09:00,浅間山,,,missing,2026-06-10T08:30:39.775241+09:00
2026-06-10T05:10:00+09:00,白銀山,0,0,ok,2026-06-10T08:30:39.775241+09:00
2026-06-10T05:20:00+09:00,南郷山,0,0,ok,2026-06-10T08:30:39.775241+09:00
2026-06-10T05:20:00+09:00,浅間山,,,missing,2026-06-10T08:30:39.775241+09:00
2026-06-10T05:20:00+09:00,白銀山,0,0,ok,2026-06-10T08:30:39.775241+09:00
2026-06-10T05:30:00+09:00,南郷山,0,0,ok,2026-06-10T08:30:39.775241+09:00
2026-06-10T05:30:00+09:00,浅間山,,,missing,2026-06-10T08:30:39.775241+09:00
2026-06-10T05:30:00+09:00,白銀山,0,0,ok,2026-06-10T08:30:39.775241+09:00
2026-06-10T05:40:00+09:00,南郷山,0,0,ok,2026-06-10T08:30:39.775241+09:00
2026-06-10T05:40:00+09:00,浅間山,,,missing,2026-06-10T08:30:39.775241+09:00
2026-06-10T05:40:00+09:00,白銀山,0,0,ok,2026-06-10T08:30:39.775241+09:00
2026-06-10T05:50:00+09:00,南郷山,0,0,ok,2026-06-10T08:30:39.775241+09:00
2026-06-10T05:50:00+09:00,浅間山,,,missing,2026-06-10T08:30:39.775241+09:00
2026-06-10T05:50:00+09:00,白銀山,0,0,ok,2026-06-10T08:30:39.775241+09:00
2026-06-10T06:00:00+09:00,南郷山,0,0,ok,2026-06-10T08:30:39.775241+09:00
2026-06-10T06:00:00+09:00,浅間山,,,missing,2026-06-10T08:30:39.775241+09:00
2026-06-10T06:00:00+09:00,白銀山,0,0,ok,2026-06-10T08:30:39.775241+09:00
2026-06-10T06:10:00+09:00,南郷山,0,0,ok,2026-06-10T08:30:39.775241+09:00
2026-06-10T06:10:00+09:00,浅間山,,,missing,2026-06-10T08:30:39.775241+09:00
2026-06-10T06:10:00+09:00,白銀山,0,0,ok,2026-06-10T08:30:39.775241+09:00
2026-06-10T06:20:00+09:00,南郷山,0,0,ok,2026-06-10T08:30:39.775241+09:00
2026-06-10T06:20:00+09:00,浅間山,,,missing,2026-06-10T08:30:39.775241+09:00
2026-06-10T06:20:00+09:00,白銀山,0,0,ok,2026-06-10T08:30:39.775241+09:00
2026-06-10T06:30:00+09:00,南郷山,0,0,ok,2026-06-10T08:30:39.775241+09:00
2026-06-10T06:30:00+09:00,浅間山,,,missing,2026-06-10T08:30:39.775241+09:00
2026-06-10T06:30:00+09:00,白銀山,0,0,ok,2026-06-10T08:30:39.775241+09:00
2026-06-10T06:40:00+09:00,南郷山,0,0,ok,2026-06-10T08:30:39.775241+09:00
2026-06-10T06:40:00+09:00,浅間山,,,missing,2026-06-10T08:30:39.775241+09:00
2026-06-10T06:40:00+09:00,白銀山,0,0,ok,2026-06-10T08:30:39.775241+09:00
2026-06-10T06:50:00+09:00,南郷山,0,0,ok,2026-06-10T08:30:39.775241+09:00
2026-06-10T06:50:00+09:00,浅間山,,,missing,2026-06-10T08:30:39.775241+09:00
2026-06-10T06:50:00+09:00,白銀山,0,0,ok,2026-06-10T08:30:39.775241+09:00
2026-06-10T07:00:00+09:00,南郷山,0,0,ok,2026-06-10T08:30:39.775241+09:00
2026-06-10T07:00:00+09:00,浅間山,,,missing,2026-06-10T08:30:39.775241+09:00
2026-06-10T07:00:00+09:00,白銀山,0,0,ok,2026-06-10T08:30:39.775241+09:00
2026-06-10T07:10:00+09:00,南郷山,0,0,ok,2026-06-10T08:30:39.775241+09:00
2026-06-10T07:10:00+09:00,浅間山,,,missing,2026-06-10T08:30:39.775241+09:00
2026-06-10T07:10:00+09:00,白銀山,0,0,ok,2026-06-10T08:30:39.775241+09:00
2026-06-10T07:20:00+09:00,南郷山,0,0,ok,2026-06-10T08:30:39.775241+09:00
2026-06-10T07:20:00+09:00,浅間山,,,missing,2026-06-10T08:30:39.775241+09:00
2026-06-10T07:20:00+09:00,白銀山,0,0,ok,2026-06-10T08:30:39.775241+09:00
2026-06-10T07:30:00+09:00,南郷山,0,0,ok,2026-06-10T08:30:39.775241+09:00
2026-06-10T07:30:00+09:00,浅間山,,,missing,2026-06-10T08:30:39.775241+09:00
2026-06-10T07:30:00+09:00,白銀山,0,0,ok,2026-06-10T08:30:39.775241+09:00
2026-06-10T07:40:00+09:00,南郷山,0,0,ok,2026-06-10T08:30:39.775241+09:00
2026-06-10T07:40:00+09:00,浅間山,,,missing,2026-06-10T08:30:39.775241+09:00
2026-06-10T07:40:00+09:00,白銀山,0,0,ok,2026-06-10T08:30:39.775241+09:00
2026-06-10T07:50:00+09:00,南郷山,0,0,ok,2026-06-10T08:30:39.775241+09:00
2026-06-10T07:50:00+09:00,浅間山,,,missing,2026-06-10T08:30:39.775241+09:00
2026-06-10T07:50:00+09:00,白銀山,0,0,ok,2026-06-10T08:30:39.775241+09:00
2026-06-10T08:00:00+09:00,南郷山,0,0,ok,2026-06-10T08:30:39.775241+09:00
2026-06-10T08:00:00+09:00,浅間山,,,missing,2026-06-10T08:30:39.775241+09:00
2026-06-10T08:00:00+09:00,白銀山,0,0,ok,2026-06-10T08:30:39.775241+09:00
2026-06-10T08:10:00+09:00,南郷山,0,0,ok,2026-06-10T08:30:39.775241+09:00
2026-06-10T08:10:00+09:00,浅間山,,,missing,2026-06-10T08:30:39.775241+09:00
2026-06-10T08:10:00+09:00,白銀山,0,0,ok,2026-06-10T08:30:39.775241+09:00
2026-06-10T08:20:00+09:00,南郷山,0,0,ok,2026-06-10T08:30:39.775241+09:00
2026-06-10T08:20:00+09:00,浅間山,,,missing,2026-06-10T08:30:39.775241+09:00
2026-06-10T08:20:00+09:00,白銀山,0,0,ok,2026-06-10T08:30:39.775241+09:00
2026-06-10T08:30:00+09:00,南郷山,0,0,ok,2026-06-10T11:14:28.943945+09:00
2026-06-10T08:30:00+09:00,浅間山,,,missing,2026-06-10T11:14:28.943945+09:00
2026-06-10T08:30:00+09:00,白銀山,0,0,ok,2026-06-10T11:14:28.943945+09:00
2026-06-10T08:40:00+09:00,南郷山,0,0,ok,2026-06-10T11:14:28.943945+09:00
2026-06-10T08:40:00+09:00,浅間山,,,missing,2026-06-10T11:14:28.943945+09:00
2026-06-10T08:40:00+09:00,白銀山,0,0,ok,2026-06-10T11:14:28.943945+09:00
2026-06-10T08:50:00+09:00,南郷山,0,0,ok,2026-06-10T11:14:28.943945+09:00
2026-06-10T08:50:00+09:00,浅間山,,,missing,2026-06-10T11:14:28.943945+09:00
2026-06-10T08:50:00+09:00,白銀山,0,0,ok,2026-06-10T11:14:28.943945+09:00
2026-06-10T09:00:00+09:00,南郷山,0,0,ok,2026-06-10T11:14:28.943945+09:00
2026-06-10T09:00:00+09:00,浅間山,,,missing,2026-06-10T11:14:28.943945+09:00
2026-06-10T09:00:00+09:00,白銀山,0,0,ok,2026-06-10T11:14:28.943945+09:00
2026-06-10T09:10:00+09:00,南郷山,0,0,ok,2026-06-10T11:14:28.943945+09:00
2026-06-10T09:10:00+09:00,浅間山,,,missing,2026-06-10T11:14:28.943945+09:00
2026-06-10T09:10:00+09:00,白銀山,0,0,ok,2026-06-10T11:14:28.943945+09:00
2026-06-10T09:20:00+09:00,南郷山,0,0,ok,2026-06-10T11:14:28.943945+09:00
2026-06-10T09:20:00+09:00,浅間山,,,missing,2026-06-10T11:14:28.943945+09:00
2026-06-10T09:20:00+09:00,白銀山,0,0,ok,2026-06-10T11:14:28.943945+09:00
2026-06-10T09:30:00+09:00,南郷山,0,0,ok,2026-06-10T11:14:28.943945+09:00
2026-06-10T09:30:00+09:00,浅間山,,,missing,2026-06-10T11:14:28.943945+09:00
2026-06-10T09:30:00+09:00,白銀山,0,0,ok,2026-06-10T11:14:28.943945+09:00
2026-06-10T09:40:00+09:00,南郷山,0,0,ok,2026-06-10T11:14:28.943945+09:00
2026-06-10T09:40:00+09:00,浅間山,,,missing,2026-06-10T11:14:28.943945+09:00
2026-06-10T09:40:00+09:00,白銀山,0,0,ok,2026-06-10T11:14:28.943945+09:00
2026-06-10T09:50:00+09:00,南郷山,0,0,ok,2026-06-10T11:14:28.943945+09:00
2026-06-10T09:50:00+09:00,浅間山,,,missing,2026-06-10T11:14:28.943945+09:00
2026-06-10T09:50:00+09:00,白銀山,0,0,ok,2026-06-10T11:14:28.943945+09:00
2026-06-10T10:00:00+09:00,南郷山,0,0,ok,2026-06-10T11:14:28.943945+09:00
2026-06-10T10:00:00+09:00,浅間山,,,missing,2026-06-10T11:14:28.943945+09:00
2026-06-10T10:00:00+09:00,白銀山,0,0,ok,2026-06-10T11:14:28.943945+09:00
2026-06-10T10:10:00+09:00,南郷山,0,0,ok,2026-06-10T11:14:28.943945+09:00
2026-06-10T10:10:00+09:00,浅間山,,,missing,2026-06-10T11:14:28.943945+09:00
2026-06-10T10:10:00+09:00,白銀山,1,1,ok,2026-06-10T11:14:28.943945+09:00
2026-06-10T10:20:00+09:00,南郷山,0,0,ok,2026-06-10T11:14:28.943945+09:00
2026-06-10T10:20:00+09:00,浅間山,,,missing,2026-06-10T11:14:28.943945+09:00
2026-06-10T10:20:00+09:00,白銀山,0,1,ok,2026-06-10T11:14:28.943945+09:00
2026-06-10T10:30:00+09:00,南郷山,0,0,ok,2026-06-10T11:14:28.943945+09:00
2026-06-10T10:30:00+09:00,浅間山,,,missing,2026-06-10T11:14:28.943945+09:00
2026-06-10T10:30:00+09:00,白銀山,0,1,ok,2026-06-10T11:14:28.943945+09:00
2026-06-10T10:40:00+09:00,南郷山,0,0,ok,2026-06-10T11:14:28.943945+09:00
2026-06-10T10:40:00+09:00,浅間山,,,missing,2026-06-10T11:14:28.943945+09:00
2026-06-10T10:40:00+09:00,白銀山,0,1,ok,2026-06-10T11:14:28.943945+09:00
2026-06-10T10:50:00+09:00,南郷山,0,0,ok,2026-06-10T11:14:28.943945+09:00
2026-06-10T10:50:00+09:00,浅間山,,,missing,2026-06-10T11:14:28.943945+09:00
2026-06-10T10:50:00+09:00,白銀山,0,1,ok,2026-06-10T11:14:28.943945+09:00
2026-06-10T11:00:00+09:00,南郷山,0,0,ok,2026-06-10T11:14:28.943945+09:00
2026-06-10T11:00:00+09:00,浅間山,,,missing,2026-06-10T11:14:28.943945+09:00
2026-06-10T11:00:00+09:00,白銀山,0,1,ok,2026-06-10T11:14:28.943945+09:00
2026-06-10T12:00:00+09:00,南郷山,0,0,ok,2026-06-10T15:58:08.077058+09:00
2026-06-10T12:00:00+09:00,浅間山,,,missing,2026-06-10T15:58:08.077058+09:00
2026-06-10T12:00:00+09:00,白銀山,0,1,ok,2026-06-10T15:58:08.077058+09:00
2026-06-10T12:10:00+09:00,南郷山,0,0,ok,2026-06-10T15:58:08.077058+09:00
2026-06-10T12:10:00+09:00,浅間山,,,missing,2026-06-10T15:58:08.077058+09:00
2026-06-10T12:10:00+09:00,白銀山,0,1,ok,2026-06-10T15:58:08.077058+09:00
2026-06-10T12:20:00+09:00,南郷山,0,0,ok,2026-06-10T15:58:08.077058+09:00
2026-06-10T12:20:00+09:00,浅間山,,,missing,2026-06-10T15:58:08.077058+09:00
2026-06-10T12:20:00+09:00,白銀山,0,1,ok,2026-06-10T15:58:08.077058+09:00
2026-06-10T12:30:00+09:00,南郷山,0,0,ok,2026-06-10T15:58:08.077058+09:00
2026-06-10T12:30:00+09:00,浅間山,,,missing,2026-06-10T15:58:08.077058+09:00
2026-06-10T12:30:00+09:00,白銀山,0,1,ok,2026-06-10T15:58:08.077058+09:00
2026-06-10T12:40:00+09:00,南郷山,0,0,ok,2026-06-10T15:58:08.077058+09:00
2026-06-10T12:40:00+09:00,浅間山,,,missing,2026-06-10T15:58:08.077058+09:00
2026-06-10T12:40:00+09:00,白銀山,0,1,ok,2026-06-10T15:58:08.077058+09:00
2026-06-10T12:50:00+09:00,南郷山,0,0,ok,2026-06-10T15:58:08.077058+09:00
2026-06-10T12:50:00+09:00,浅間山,,,missing,2026-06-10T15:58:08.077058+09:00
2026-06-10T12:50:00+09:00,白銀山,0,1,ok,2026-06-10T15:58:08.077058+09:00
2026-06-10T13:00:00+09:00,南郷山,0,0,ok,2026-06-10T15:58:08.077058+09:00
2026-06-10T13:00:00+09:00,浅間山,,,missing,2026-06-10T15:58:08.077058+09:00
2026-06-10T13:00:00+09:00,白銀山,0,1,ok,2026-06-10T15:58:08.077058+09:00
2026-06-10T13:10:00+09:00,南郷山,0,0,ok,2026-06-10T15:58:08.077058+09:00
2026-06-10T13:10:00+09:00,浅間山,,,missing,2026-06-10T15:58:08.077058+09:00
2026-06-10T13:10:00+09:00,白銀山,0,1,ok,2026-06-10T15:58:08.077058+09:00
2026-06-10T13:20:00+09:00,南郷山,0,0,ok,2026-06-10T15:58:08.077058+09:00
2026-06-10T13:20:00+09:00,浅間山,,,missing,2026-06-10T15:58:08.077058+09:00
2026-06-10T13:20:00+09:00,白銀山,0,1,ok,2026-06-10T15:58:08.077058+09:00
2026-06-10T13:30:00+09:00,南郷山,0,0,ok,2026-06-10T15:58:08.077058+09:00
2026-06-10T13:30:00+09:00,浅間山,,,missing,2026-06-10T15:58:08.077058+09:00
2026-06-10T13:30:00+09:00,白銀山,0,1,ok,2026-06-10T15:58:08.077058+09:00
2026-06-10T13:40:00+09:00,南郷山,0,0,ok,2026-06-10T15:58:08.077058+09:00
2026-06-10T13:40:00+09:00,浅間山,,,missing,2026-06-10T15:58:08.077058+09:00
2026-06-10T13:40:00+09:00,白銀山,0,1,ok,2026-06-10T15:58:08.077058+09:00
2026-06-10T13:50:00+09:00,南郷山,0,0,ok,2026-06-10T15:58:08.077058+09:00
2026-06-10T13:50:00+09:00,浅間山,,,missing,2026-06-10T15:58:08.077058+09:00
2026-06-10T13:50:00+09:00,白銀山,0,1,ok,2026-06-10T15:58:08.077058+09:00
2026-06-10T14:00:00+09:00,南郷山,0,0,ok,2026-06-10T15:58:08.077058+09:00
2026-06-10T14:00:00+09:00,浅間山,,,missing,2026-06-10T15:58:08.077058+09:00
2026-06-10T14:00:00+09:00,白銀山,0,1,ok,2026-06-10T15:58:08.077058+09:00
2026-06-10T14:10:00+09:00,南郷山,0,0,ok,2026-06-10T15:58:08.077058+09:00
2026-06-10T14:10:00+09:00,浅間山,,,missing,2026-06-10T15:58:08.077058+09:00
2026-06-10T14:10:00+09:00,白銀山,0,1,ok,2026-06-10T15:58:08.077058+09:00
2026-06-10T14:20:00+09:00,南郷山,0,0,ok,2026-06-10T15:58:08.077058+09:00
2026-06-10T14:20:00+09:00,浅間山,,,missing,2026-06-10T15:58:08.077058+09:00
2026-06-10T14:20:00+09:00,白銀山,0,1,ok,2026-06-10T15:58:08.077058+09:00
2026-06-10T14:30:00+09:00,南郷山,0,0,ok,2026-06-10T15:58:08.077058+09:00
2026-06-10T14:30:00+09:00,浅間山,,,missing,2026-06-10T15:58:08.077058+09:00
2026-06-10T14:30:00+09:00,白銀山,0,1,ok,2026-06-10T15:58:08.077058+09:00
2026-06-10T14:40:00+09:00,南郷山,0,0,ok,2026-06-10T15:58:08.077058+09:00
2026-06-10T14:40:00+09:00,浅間山,,,missing,2026-06-10T15:58:08.077058+09:00
2026-06-10T14:40:00+09:00,白銀山,0,1,ok,2026-06-10T15:58:08.077058+09:00
2026-06-10T14:50:00+09:00,南郷山,0,0,ok,2026-06-10T15:58:08.077058+09:00
2026-06-10T14:50:00+09:00,浅間山,,,missing,2026-06-10T15:58:08.077058+09:00
2026-06-10T14:50:00+09:00,白銀山,0,1,ok,2026-06-10T15:58:08.077058+09:00
2026-06-10T15:00:00+09:00,南郷山,0,0,ok,2026-06-10T15:58:08.077058+09:00
2026-06-10T15:00:00+09:00,浅間山,,,missing,2026-06-10T15:58:08.077058+09:00
2026-06-10T15:00:00+09:00,白銀山,0,1,ok,2026-06-10T15:58:08.077058+09:00
2026-06-10T15:10:00+09:00,南郷山,0,0,ok,2026-06-10T15:58:08.077058+09:00
2026-06-10T15:10:00+09:00,浅間山,,,missing,2026-06-10T15:58:08.077058+09:00
2026-06-10T15:10:00+09:00,白銀山,0,1,ok,2026-06-10T15:58:08.077058+09:00
2026-06-10T15:20:00+09:00,南郷山,0,0,ok,2026-06-10T15:58:08.077058+09:00
2026-06-10T15:20:00+09:00,浅間山,,,missing,2026-06-10T15:58:08.077058+09:00
2026-06-10T15:20:00+09:00,白銀山,0,1,ok,2026-06-10T15:58:08.077058+09:00
2026-06-10T15:30:00+09:00,南郷山,0,0,ok,2026-06-10T15:58:08.077058+09:00
2026-06-10T15:30:00+09:00,浅間山,,,missing,2026-06-10T15:58:08.077058+09:00
2026-06-10T15:30:00+09:00,白銀山,0,1,ok,2026-06-10T15:58:08.077058+09:00
2026-06-10T15:40:00+09:00,南郷山,0,0,ok,2026-06-10T15:58:08.077058+09:00
2026-06-10T15:40:00+09:00,浅間山,,,missing,2026-06-10T15:58:08.077058+09:00
2026-06-10T15:40:00+09:00,白銀山,0,1,ok,2026-06-10T15:58:08.077058+09:00
2026-06-10T15:50:00+09:00,南郷山,0,0,ok,2026-06-10T15:58:08.077058+09:00
2026-06-10T15:50:00+09:00,浅間山,,,missing,2026-06-10T15:58:08.077058+09:00
2026-06-10T15:50:00+09:00,白銀山,0,1,ok,2026-06-10T15:58:08.077058+09:00
2026-06-10T16:00:00+09:00,南郷山,0,0,ok,2026-06-10T19:54:52.954434+09:00
2026-06-10T16:00:00+09:00,浅間山,,,missing,2026-06-10T19:54:52.954434+09:00
2026-06-10T16:00:00+09:00,白銀山,0,1,ok,2026-06-10T19:54:52.954434+09:00
2026-06-10T16:10:00+09:00,南郷山,0,0,ok,2026-06-10T19:54:52.954434+09:00
2026-06-10T16:10:00+09:00,浅間山,,,missing,2026-06-10T19:54:52.954434+09:00
2026-06-10T16:10:00+09:00,白銀山,0,1,ok,2026-06-10T19:54:52.954434+09:00
2026-06-10T16:20:00+09:00,南郷山,0,0,ok,2026-06-10T19:54:52.954434+09:00
2026-06-10T16:20:00+09:00,浅間山,,,missing,2026-06-10T19:54:52.954434+09:00
2026-06-10T16:20:00+09:00,白銀山,0,1,ok,2026-06-10T19:54:52.954434+09:00
2026-06-10T16:30:00+09:00,南郷山,0,0,ok,2026-06-10T19:54:52.954434+09:00
2026-06-10T16:30:00+09:00,浅間山,,,missing,2026-06-10T19:54:52.954434+09:00
2026-06-10T16:30:00+09:00,白銀山,0,1,ok,2026-06-10T19:54:52.954434+09:00
2026-06-10T16:40:00+09:00,南郷山,0,0,ok,2026-06-10T19:54:52.954434+09:00
2026-06-10T16:40:00+09:00,浅間山,,,missing,2026-06-10T19:54:52.954434+09:00
2026-06-10T16:40:00+09:00,白銀山,0,1,ok,2026-06-10T19:54:52.954434+09:00
2026-06-10T16:50:00+09:00,南郷山,0,0,ok,2026-06-10T19:54:52.954434+09:00
2026-06-10T16:50:00+09:00,浅間山,,,missing,2026-06-10T19:54:52.954434+09:00
2026-06-10T16:50:00+09:00,白銀山,0,1,ok,2026-06-10T19:54:52.954434+09:00
2026-06-10T17:00:00+09:00,南郷山,0,0,ok,2026-06-10T19:54:52.954434+09:00
2026-06-10T17:00:00+09:00,浅間山,,,missing,2026-06-10T19:54:52.954434+09:00
2026-06-10T17:00:00+09:00,白銀山,0,1,ok,2026-06-10T19:54:52.954434+09:00
2026-06-10T17:10:00+09:00,南郷山,0,0,ok,2026-06-10T19:54:52.954434+09:00
2026-06-10T17:10:00+09:00,浅間山,,,missing,2026-06-10T19:54:52.954434+09:00
2026-06-10T17:10:00+09:00,白銀山,0,0,ok,2026-06-10T19:54:52.954434+09:00
2026-06-10T17:20:00+09:00,南郷山,0,0,ok,2026-06-10T19:54:52.954434+09:00
2026-06-10T17:20:00+09:00,浅間山,,,missing,2026-06-10T19:54:52.954434+09:00
2026-06-10T17:20:00+09:00,白銀山,0,0,ok,2026-06-10T19:54:52.954434+09:00
2026-06-10T17:30:00+09:00,南郷山,0,0,ok,2026-06-10T19:54:52.954434+09:00
2026-06-10T17:30:00+09:00,浅間山,,,missing,2026-06-10T19:54:52.954434+09:00
2026-06-10T17:30:00+09:00,白銀山,0,0,ok,2026-06-10T19:54:52.954434+09:00
2026-06-10T17:40:00+09:00,南郷山,0,0,ok,2026-06-10T19:54:52.954434+09:00
2026-06-10T17:40:00+09:00,浅間山,,,missing,2026-06-10T19:54:52.954434+09:00
2026-06-10T17:40:00+09:00,白銀山,0,0,ok,2026-06-10T19:54:52.954434+09:00
2026-06-10T17:50:00+09:00,南郷山,0,0,ok,2026-06-10T19:54:52.954434+09:00
2026-06-10T17:50:00+09:00,浅間山,,,missing,2026-06-10T19:54:52.954434+09:00
2026-06-10T17:50:00+09:00,白銀山,0,0,ok,2026-06-10T19:54:52.954434+09:00
2026-06-10T18:00:00+09:00,南郷山,0,0,ok,2026-06-10T19:54:52.954434+09:00
2026-06-10T18:00:00+09:00,浅間山,,,missing,2026-06-10T19:54:52.954434+09:00
2026-06-10T18:00:00+09:00,白銀山,0,0,ok,2026-06-10T19:54:52.954434+09:00
2026-06-10T18:10:00+09:00,南郷山,0,0,ok,2026-06-10T19:54:52.954434+09:00
2026-06-10T18:10:00+09:00,浅間山,,,missing,2026-06-10T19:54:52.954434+09:00
2026-06-10T18:10:00+09:00,白銀山,0,0,ok,2026-06-10T19:54:52.954434+09:00
2026-06-10T18:20:00+09:00,南郷山,0,0,ok,2026-06-10T19:54:52.954434+09:00
2026-06-10T18:20:00+09:00,浅間山,,,missing,2026-06-10T19:54:52.954434+09:00
2026-06-10T18:20:00+09:00,白銀山,0,0,ok,2026-06-10T19:54:52.954434+09:00
2026-06-10T18:30:00+09:00,南郷山,0,0,ok,2026-06-10T19:54:52.954434+09:00
2026-06-10T18:30:00+09:00,浅間山,,,missing,2026-06-10T19:54:52.954434+09:00
2026-06-10T18:30:00+09:00,白銀山,0,0,ok,2026-06-10T19:54:52.954434+09:00
2026-06-10T18:40:00+09:00,南郷山,0,0,ok,2026-06-10T19:54:52.954434+09:00
2026-06-10T18:40:00+09:00,浅間山,,,missing,2026-06-10T19:54:52.954434+09:00
2026-06-10T18:40:00+09:00,白銀山,0,0,ok,2026-06-10T19:54:52.954434+09:00
2026-06-10T18:50:00+09:00,南郷山,0,0,ok,2026-06-10T19:54:52.954434+09:00
2026-06-10T18:50:00+09:00,浅間山,,,missing,2026-06-10T19:54:52.954434+09:00
2026-06-10T18:50:00+09:00,白銀山,0,0,ok,2026-06-10T19:54:52.954434+09:00
2026-06-10T19:00:00+09:00,南郷山,0,0,ok,2026-06-10T19:54:52.954434+09:00
2026-06-10T19:00:00+09:00,浅間山,,,missing,2026-06-10T19:54:52.954434+09:00
2026-06-10T19:00:00+09:00,白銀山,0,0,ok,2026-06-10T19:54:52.954434+09:00
2026-06-10T19:10:00+09:00,南郷山,0,0,ok,2026-06-10T19:54:52.954434+09:00
2026-06-10T19:10:00+09:00,浅間山,,,missing,2026-06-10T19:54:52.954434+09:00
2026-06-10T19:10:00+09:00,白銀山,0,0,ok,2026-06-10T19:54:52.954434+09:00
2026-06-10T19:20:00+09:00,南郷山,0,0,ok,2026-06-10T19:54:52.954434+09:00
2026-06-10T19:20:00+09:00,浅間山,,,missing,2026-06-10T19:54:52.954434+09:00
2026-06-10T19:20:00+09:00,白銀山,0,0,ok,2026-06-10T19:54:52.954434+09:00
2026-06-10T19:30:00+09:00,南郷山,0,0,ok,2026-06-10T19:54:52.954434+09:00
2026-06-10T19:30:00+09:00,浅間山,,,missing,2026-06-10T19:54:52.954434+09:00
2026-06-10T19:30:00+09:00,白銀山,0,0,ok,2026-06-10T19:54:52.954434+09:00
2026-06-10T19:40:00+09:00,南郷山,0,0,ok,2026-06-10T19:54:52.954434+09:00
2026-06-10T19:40:00+09:00,浅間山,,,missing,2026-06-10T19:54:52.954434+09:00
2026-06-10T19:40:00+09:00,白銀山,0,0,ok,2026-06-10T19:54:52.954434+09:00
2026-06-10T19:50:00+09:00,南郷山,0,0,ok,2026-06-10T19:54:52.954434+09:00
2026-06-10T19:50:00+09:00,浅間山,,,missing,2026-06-10T19:54:52.954434+09:00
2026-06-10T19:50:00+09:00,白銀山,0,0,ok,2026-06-10T19:54:52.954434+09:00
2026-06-10T20:00:00+09:00,南郷山,0,0,ok,2026-06-10T23:17:54.157301+09:00
2026-06-10T20:00:00+09:00,浅間山,,,missing,2026-06-10T23:17:54.157301+09:00
2026-06-10T20:00:00+09:00,白銀山,0,0,ok,2026-06-10T23:17:54.157301+09:00
2026-06-10T20:10:00+09:00,南郷山,0,0,ok,2026-06-10T23:17:54.157301+09:00
2026-06-10T20:10:00+09:00,浅間山,,,missing,2026-06-10T23:17:54.157301+09:00
2026-06-10T20:10:00+09:00,白銀山,0,0,ok,2026-06-10T23:17:54.157301+09:00
2026-06-10T20:20:00+09:00,南郷山,0,0,ok,2026-06-10T23:17:54.157301+09:00
2026-06-10T20:20:00+09:00,浅間山,,,missing,2026-06-10T23:17:54.157301+09:00
2026-06-10T20:20:00+09:00,白銀山,0,0,ok,2026-06-10T23:17:54.157301+09:00
2026-06-10T20:30:00+09:00,南郷山,0,0,ok,2026-06-10T23:17:54.157301+09:00
2026-06-10T20:30:00+09:00,浅間山,,,missing,2026-06-10T23:17:54.157301+09:00
2026-06-10T20:30:00+09:00,白銀山,0,0,ok,2026-06-10T23:17:54.157301+09:00
2026-06-10T20:40:00+09:00,南郷山,0,0,ok,2026-06-10T23:17:54.157301+09:00
2026-06-10T20:40:00+09:00,浅間山,,,missing,2026-06-10T23:17:54.157301+09:00
2026-06-10T20:40:00+09:00,白銀山,0,0,ok,2026-06-10T23:17:54.157301+09:00
2026-06-10T20:50:00+09:00,南郷山,0,0,ok,2026-06-10T23:17:54.157301+09:00
2026-06-10T20:50:00+09:00,浅間山,,,missing,2026-06-10T23:17:54.157301+09:00
2026-06-10T20:50:00+09:00,白銀山,0,0,ok,2026-06-10T23:17:54.157301+09:00
2026-06-10T21:00:00+09:00,南郷山,0,0,ok,2026-06-10T23:17:54.157301+09:00
2026-06-10T21:00:00+09:00,浅間山,,,missing,2026-06-10T23:17:54.157301+09:00
2026-06-10T21:00:00+09:00,白銀山,0,0,ok,2026-06-10T23:17:54.157301+09:00
2026-06-10T21:10:00+09:00,南郷山,0,0,ok,2026-06-10T23:17:54.157301+09:00
2026-06-10T21:10:00+09:00,浅間山,,,missing,2026-06-10T23:17:54.157301+09:00
2026-06-10T21:10:00+09:00,白銀山,0,0,ok,2026-06-10T23:17:54.157301+09:00
2026-06-10T21:20:00+09:00,南郷山,0,0,ok,2026-06-10T23:17:54.157301+09:00
2026-06-10T21:20:00+09:00,浅間山,,,missing,2026-06-10T23:17:54.157301+09:00
2026-06-10T21:20:00+09:00,白銀山,0,0,ok,2026-06-10T23:17:54.157301+09:00
2026-06-10T21:30:00+09:00,南郷山,0,0,ok,2026-06-10T23:17:54.157301+09:00
2026-06-10T21:30:00+09:00,浅間山,,,missing,2026-06-10T23:17:54.157301+09:00
2026-06-10T21:30:00+09:00,白銀山,0,0,ok,2026-06-10T23:17:54.157301+09:00
2026-06-10T21:40:00+09:00,南郷山,0,0,ok,2026-06-10T23:17:54.157301+09:00
2026-06-10T21:40:00+09:00,浅間山,,,missing,2026-06-10T23:17:54.157301+09:00
2026-06-10T21:40:00+09:00,白銀山,0,0,ok,2026-06-10T23:17:54.157301+09:00
2026-06-10T21:50:00+09:00,南郷山,0,0,ok,2026-06-10T23:17:54.157301+09:00
2026-06-10T21:50:00+09:00,浅間山,,,missing,2026-06-10T23:17:54.157301+09:00
2026-06-10T21:50:00+09:00,白銀山,0,0,ok,2026-06-10T23:17:54.157301+09:00
2026-06-10T22:00:00+09:00,南郷山,0,0,ok,2026-06-10T23:17:54.157301+09:00
2026-06-10T22:00:00+09:00,浅間山,,,missing,2026-06-10T23:17:54.157301+09:00
2026-06-10T22:00:00+09:00,白銀山,0,0,ok,2026-06-10T23:17:54.157301+09:00
2026-06-10T22:10:00+09:00,南郷山,0,0,ok,2026-06-10T23:17:54.157301+09:00
2026-06-10T22:10:00+09:00,浅間山,,,missing,2026-06-10T23:17:54.157301+09:00
2026-06-10T22:10:00+09:00,白銀山,0,0,ok,2026-06-10T23:17:54.157301+09:00
2026-06-10T22:20:00+09:00,南郷山,0,0,ok,2026-06-10T23:17:54.157301+09:00
2026-06-10T22:20:00+09:00,浅間山,,,missing,2026-06-10T23:17:54.157301+09:00
2026-06-10T22:20:00+09:00,白銀山,0,0,ok,2026-06-10T23:17:54.157301+09:00
2026-06-10T22:30:00+09:00,南郷山,0,0,ok,2026-06-10T23:17:54.157301+09:00
2026-06-10T22:30:00+09:00,浅間山,,,missing,2026-06-10T23:17:54.157301+09:00
2026-06-10T22:30:00+09:00,白銀山,0,0,ok,2026-06-10T23:17:54.157301+09:00
2026-06-10T22:40:00+09:00,南郷山,0,0,ok,2026-06-10T23:17:54.157301+09:00
2026-06-10T22:40:00+09:00,浅間山,,,missing,2026-06-10T23:17:54.157301+09:00
2026-06-10T22:40:00+09:00,白銀山,0,0,ok,2026-06-10T23:17:54.157301+09:00
2026-06-10T22:50:00+09:00,南郷山,0,0,ok,2026-06-10T23:17:54.157301+09:00
2026-06-10T22:50:00+09:00,浅間山,,,missing,2026-06-10T23:17:54.157301+09:00
2026-06-10T22:50:00+09:00,白銀山,0,0,ok,2026-06-10T23:17:54.157301+09:00
2026-06-10T23:00:00+09:00,南郷山,0,0,ok,2026-06-10T23:17:54.157301+09:00
2026-06-10T23:00:00+09:00,浅間山,,,missing,2026-06-10T23:17:54.157301+09:00
2026-06-10T23:00:00+09:00,白銀山,0,0,ok,2026-06-10T23:17:54.157301+09:00
2026-06-10T23:10:00+09:00,南郷山,0,0,ok,2026-06-10T23:17:54.157301+09:00
2026-06-10T23:10:00+09:00,浅間山,,,missing,2026-06-10T23:17:54.157301+09:00
2026-06-10T23:10:00+09:00,白銀山,0,0,ok,2026-06-10T23:17:54.157301+09:00
2026-06-10T23:20:00+09:00,南郷山,0,0,ok,2026-06-11T02:51:05.888500+09:00
2026-06-10T23:20:00+09:00,浅間山,,,missing,2026-06-11T02:51:05.888500+09:00
2026-06-10T23:20:00+09:00,白銀山,0,0,ok,2026-06-11T02:51:05.888500+09:00
2026-06-10T23:30:00+09:00,南郷山,0,0,ok,2026-06-11T02:51:05.888500+09:00
2026-06-10T23:30:00+09:00,浅間山,,,missing,2026-06-11T02:51:05.888500+09:00
2026-06-10T23:30:00+09:00,白銀山,0,0,ok,2026-06-11T02:51:05.888500+09:00
2026-06-10T23:40:00+09:00,南郷山,0,0,ok,2026-06-11T02:51:05.888500+09:00
2026-06-10T23:40:00+09:00,浅間山,,,missing,2026-06-11T02:51:05.888500+09:00
2026-06-10T23:40:00+09:00,白銀山,0,0,ok,2026-06-11T02:51:05.888500+09:00
2026-06-10T23:50:00+09:00,南郷山,0,0,ok,2026-06-11T02:51:05.888500+09:00
2026-06-10T23:50:00+09:00,浅間山,,,missing,2026-06-11T02:51:05.888500+09:00
2026-06-10T23:50:00+09:00,白銀山,0,0,ok,2026-06-11T02:51:05.888500+09:00
2026-06-11T00:00:00+09:00,南郷山,0,0,ok,2026-06-11T02:51:05.888500+09:00
2026-06-11T00:00:00+09:00,浅間山,,,missing,2026-06-11T02:51:05.888500+09:00
2026-06-11T00:00:00+09:00,白銀山,0,0,ok,2026-06-11T02:51:05.888500+09:00
2026-06-11T00:10:00+09:00,南郷山,0,0,ok,2026-06-11T02:51:05.888500+09:00
2026-06-11T00:10:00+09:00,浅間山,,,missing,2026-06-11T02:51:05.888500+09:00
2026-06-11T00:10:00+09:00,白銀山,0,0,ok,2026-06-11T02:51:05.888500+09:00
2026-06-11T00:20:00+09:00,南郷山,0,0,ok,2026-06-11T02:51:05.888500+09:00
2026-06-11T00:20:00+09:00,浅間山,,,missing,2026-06-11T02:51:05.888500+09:00
2026-06-11T00:20:00+09:00,白銀山,0,0,ok,2026-06-11T02:51:05.888500+09:00
2026-06-11T00:30:00+09:00,南郷山,0,0,ok,2026-06-11T02:51:05.888500+09:00
2026-06-11T00:30:00+09:00,浅間山,,,missing,2026-06-11T02:51:05.888500+09:00
2026-06-11T00:30:00+09:00,白銀山,0,0,ok,2026-06-11T02:51:05.888500+09:00
2026-06-11T00:40:00+09:00,南郷山,0,0,ok,2026-06-11T02:51:05.888500+09:00
2026-06-11T00:40:00+09:00,浅間山,,,missing,2026-06-11T02:51:05.888500+09:00
2026-06-11T00:40:00+09:00,白銀山,0,0,ok,2026-06-11T02:51:05.888500+09:00
2026-06-11T00:50:00+09:00,南郷山,0,0,ok,2026-06-11T02:51:05.888500+09:00
2026-06-11T00:50:00+09:00,浅間山,,,missing,2026-06-11T02:51:05.888500+09:00
2026-06-11T00:50:00+09:00,白銀山,0,0,ok,2026-06-11T02:51:05.888500+09:00
2026-06-11T01:00:00+09:00,南郷山,0,0,ok,2026-06-11T02:51:05.888500+09:00
2026-06-11T01:00:00+09:00,浅間山,,,missing,2026-06-11T02:51:05.888500+09:00
2026-06-11T01:00:00+09:00,白銀山,0,0,ok,2026-06-11T02:51:05.888500+09:00
2026-06-11T01:10:00+09:00,南郷山,0,0,ok,2026-06-11T02:51:05.888500+09:00
2026-06-11T01:10:00+09:00,浅間山,,,missing,2026-06-11T02:51:05.888500+09:00
2026-06-11T01:10:00+09:00,白銀山,0,0,ok,2026-06-11T02:51:05.888500+09:00
2026-06-11T01:20:00+09:00,南郷山,0,0,ok,2026-06-11T02:51:05.888500+09:00
2026-06-11T01:20:00+09:00,浅間山,,,missing,2026-06-11T02:51:05.888500+09:00
2026-06-11T01:20:00+09:00,白銀山,0,0,ok,2026-06-11T02:51:05.888500+09:00
2026-06-11T01:30:00+09:00,南郷山,0,0,ok,2026-06-11T02:51:05.888500+09:00
2026-06-11T01:30:00+09:00,浅間山,,,missing,2026-06-11T02:51:05.888500+09:00
2026-06-11T01:30:00+09:00,白銀山,0,0,ok,2026-06-11T02:51:05.888500+09:00
2026-06-11T01:40:00+09:00,南郷山,0,0,ok,2026-06-11T02:51:05.888500+09:00
2026-06-11T01:40:00+09:00,浅間山,,,missing,2026-06-11T02:51:05.888500+09:00
2026-06-11T01:40:00+09:00,白銀山,0,0,ok,2026-06-11T02:51:05.888500+09:00
2026-06-11T01:50:00+09:00,南郷山,0,0,ok,2026-06-11T02:51:05.888500+09:00
2026-06-11T01:50:00+09:00,浅間山,,,missing,2026-06-11T02:51:05.888500+09:00
2026-06-11T01:50:00+09:00,白銀山,0,0,ok,2026-06-11T02:51:05.888500+09:00
2026-06-11T02:00:00+09:00,南郷山,0,0,ok,2026-06-11T02:51:05.888500+09:00
2026-06-11T02:00:00+09:00,浅間山,,,missing,2026-06-11T02:51:05.888500+09:00
2026-06-11T02:00:00+09:00,白銀山,0,0,ok,2026-06-11T02:51:05.888500+09:00
2026-06-11T02:10:00+09:00,南郷山,0,0,ok,2026-06-11T02:51:05.888500+09:00
2026-06-11T02:10:00+09:00,浅間山,,,missing,2026-06-11T02:51:05.888500+09:00
2026-06-11T02:10:00+09:00,白銀山,0,0,ok,2026-06-11T02:51:05.888500+09:00
2026-06-11T02:20:00+09:00,南郷山,0,0,ok,2026-06-11T02:51:05.888500+09:00
2026-06-11T02:20:00+09:00,浅間山,,,missing,2026-06-11T02:51:05.888500+09:00
2026-06-11T02:20:00+09:00,白銀山,0,0,ok,2026-06-11T02:51:05.888500+09:00
2026-06-11T02:30:00+09:00,南郷山,0,0,ok,2026-06-11T02:51:05.888500+09:00
2026-06-11T02:30:00+09:00,浅間山,,,missing,2026-06-11T02:51:05.888500+09:00
2026-06-11T02:30:00+09:00,白銀山,0,0,ok,2026-06-11T02:51:05.888500+09:00
2026-06-11T02:40:00+09:00,南郷山,0,0,ok,2026-06-11T02:51:05.888500+09:00
2026-06-11T02:40:00+09:00,浅間山,,,missing,2026-06-11T02:51:05.888500+09:00
2026-06-11T02:40:00+09:00,白銀山,0,0,ok,2026-06-11T02:51:05.888500+09:00
2026-06-11T02:50:00+09:00,南郷山,0,0,ok,2026-06-11T05:11:06.344859+09:00
2026-06-11T02:50:00+09:00,浅間山,,,missing,2026-06-11T05:11:06.344859+09:00
2026-06-11T02:50:00+09:00,白銀山,0,0,ok,2026-06-11T05:11:06.344859+09:00
2026-06-11T03:00:00+09:00,南郷山,0,0,ok,2026-06-11T05:11:06.344859+09:00
2026-06-11T03:00:00+09:00,浅間山,,,missing,2026-06-11T05:11:06.344859+09:00
2026-06-11T03:00:00+09:00,白銀山,0,0,ok,2026-06-11T05:11:06.344859+09:00
2026-06-11T03:10:00+09:00,南郷山,0,0,ok,2026-06-11T05:11:06.344859+09:00
2026-06-11T03:10:00+09:00,浅間山,,,missing,2026-06-11T05:11:06.344859+09:00
2026-06-11T03:10:00+09:00,白銀山,0,0,ok,2026-06-11T05:11:06.344859+09:00
2026-06-11T03:20:00+09:00,南郷山,0,0,ok,2026-06-11T05:11:06.344859+09:00
2026-06-11T03:20:00+09:00,浅間山,,,missing,2026-06-11T05:11:06.344859+09:00
2026-06-11T03:20:00+09:00,白銀山,0,0,ok,2026-06-11T05:11:06.344859+09:00
2026-06-11T03:30:00+09:00,南郷山,0,0,ok,2026-06-11T05:11:06.344859+09:00
2026-06-11T03:30:00+09:00,浅間山,,,missing,2026-06-11T05:11:06.344859+09:00
2026-06-11T03:30:00+09:00,白銀山,0,0,ok,2026-06-11T05:11:06.344859+09:00
2026-06-11T03:40:00+09:00,南郷山,0,0,ok,2026-06-11T05:11:06.344859+09:00
2026-06-11T03:40:00+09:00,浅間山,,,missing,2026-06-11T05:11:06.344859+09:00
2026-06-11T03:40:00+09:00,白銀山,0,0,ok,2026-06-11T05:11:06.344859+09:00
2026-06-11T03:50:00+09:00,南郷山,0,0,ok,2026-06-11T05:11:06.344859+09:00
2026-06-11T03:50:00+09:00,浅間山,,,missing,2026-06-11T05:11:06.344859+09:00
2026-06-11T03:50:00+09:00,白銀山,0,0,ok,2026-06-11T05:11:06.344859+09:00
2026-06-11T04:00:00+09:00,南郷山,0,0,ok,2026-06-11T05:11:06.344859+09:00
2026-06-11T04:00:00+09:00,浅間山,,,missing,2026-06-11T05:11:06.344859+09:00
2026-06-11T04:00:00+09:00,白銀山,0,0,ok,2026-06-11T05:11:06.344859+09:00
2026-06-11T04:10:00+09:00,南郷山,0,0,ok,2026-06-11T05:11:06.344859+09:00
2026-06-11T04:10:00+09:00,浅間山,,,missing,2026-06-11T05:11:06.344859+09:00
2026-06-11T04:10:00+09:00,白銀山,0,0,ok,2026-06-11T05:11:06.344859+09:00
2026-06-11T04:20:00+09:00,南郷山,0,0,ok,2026-06-11T05:11:06.344859+09:00
2026-06-11T04:20:00+09:00,浅間山,,,missing,2026-06-11T05:11:06.344859+09:00
2026-06-11T04:20:00+09:00,白銀山,0,0,ok,2026-06-11T05:11:06.344859+09:00
2026-06-11T04:30:00+09:00,南郷山,0,0,ok,2026-06-11T05:11:06.344859+09:00
2026-06-11T04:30:00+09:00,浅間山,,,missing,2026-06-11T05:11:06.344859+09:00
2026-06-11T04:30:00+09:00,白銀山,0,0,ok,2026-06-11T05:11:06.344859+09:00
2026-06-11T04:40:00+09:00,南郷山,0,0,ok,2026-06-11T05:11:06.344859+09:00
2026-06-11T04:40:00+09:00,浅間山,,,missing,2026-06-11T05:11:06.344859+09:00
2026-06-11T04:40:00+09:00,白銀山,0,0,ok,2026-06-11T05:11:06.344859+09:00
2026-06-11T04:50:00+09:00,南郷山,0,0,ok,2026-06-11T05:11:06.344859+09:00
2026-06-11T04:50:00+09:00,浅間山,,,missing,2026-06-11T05:11:06.344859+09:00
2026-06-11T04:50:00+09:00,白銀山,0,0,ok,2026-06-11T05:11:06.344859+09:00
2026-06-11T05:00:00+09:00,南郷山,0,0,ok,2026-06-11T05:11:06.344859+09:00
2026-06-11T05:00:00+09:00,浅間山,,,missing,2026-06-11T05:11:06.344859+09:00
2026-06-11T05:00:00+09:00,白銀山,0,0,ok,2026-06-11T05:11:06.344859+09:00
2026-06-11T05:10:00+09:00,南郷山,0,0,ok,2026-06-11T07:47:02.731837+09:00
2026-06-11T05:10:00+09:00,浅間山,,,missing,2026-06-11T07:47:02.731837+09:00
2026-06-11T05:10:00+09:00,白銀山,0,0,ok,2026-06-11T07:47:02.731837+09:00
2026-06-11T05:20:00+09:00,南郷山,0,0,ok,2026-06-11T07:47:02.731837+09:00
2026-06-11T05:20:00+09:00,浅間山,,,missing,2026-06-11T07:47:02.731837+09:00
2026-06-11T05:20:00+09:00,白銀山,0,0,ok,2026-06-11T07:47:02.731837+09:00
2026-06-11T05:30:00+09:00,南郷山,0,0,ok,2026-06-11T07:47:02.731837+09:00
2026-06-11T05:30:00+09:00,浅間山,,,missing,2026-06-11T07:47:02.731837+09:00
2026-06-11T05:30:00+09:00,白銀山,0,0,ok,2026-06-11T07:47:02.731837+09:00
2026-06-11T05:40:00+09:00,南郷山,0,0,ok,2026-06-11T07:47:02.731837+09:00
2026-06-11T05:40:00+09:00,浅間山,,,missing,2026-06-11T07:47:02.731837+09:00
2026-06-11T05:40:00+09:00,白銀山,1,1,ok,2026-06-11T07:47:02.731837+09:00
2026-06-11T05:50:00+09:00,南郷山,0,0,ok,2026-06-11T07:47:02.731837+09:00
2026-06-11T05:50:00+09:00,浅間山,,,missing,2026-06-11T07:47:02.731837+09:00
2026-06-11T05:50:00+09:00,白銀山,0,1,ok,2026-06-11T07:47:02.731837+09:00
2026-06-11T06:00:00+09:00,南郷山,0,0,ok,2026-06-11T07:47:02.731837+09:00
2026-06-11T06:00:00+09:00,浅間山,,,missing,2026-06-11T07:47:02.731837+09:00
2026-06-11T06:00:00+09:00,白銀山,0,1,ok,2026-06-11T07:47:02.731837+09:00
2026-06-11T06:10:00+09:00,南郷山,0,0,ok,2026-06-11T07:47:02.731837+09:00
2026-06-11T06:10:00+09:00,浅間山,,,missing,2026-06-11T07:47:02.731837+09:00
2026-06-11T06:10:00+09:00,白銀山,0,1,ok,2026-06-11T07:47:02.731837+09:00
2026-06-11T06:20:00+09:00,南郷山,0,0,ok,2026-06-11T07:47:02.731837+09:00
2026-06-11T06:20:00+09:00,浅間山,,,missing,2026-06-11T07:47:02.731837+09:00
2026-06-11T06:20:00+09:00,白銀山,0,1,ok,2026-06-11T07:47:02.731837+09:00
2026-06-11T06:30:00+09:00,南郷山,0,0,ok,2026-06-11T07:47:02.731837+09:00
2026-06-11T06:30:00+09:00,浅間山,,,missing,2026-06-11T07:47:02.731837+09:00
2026-06-11T06:30:00+09:00,白銀山,0,1,ok,2026-06-11T07:47:02.731837+09:00
2026-06-11T06:40:00+09:00,南郷山,0,0,ok,2026-06-11T07:47:02.731837+09:00
2026-06-11T06:40:00+09:00,浅間山,,,missing,2026-06-11T07:47:02.731837+09:00
2026-06-11T06:40:00+09:00,白銀山,0,1,ok,2026-06-11T07:47:02.731837+09:00
2026-06-11T06:50:00+09:00,南郷山,0,0,ok,2026-06-11T07:47:02.731837+09:00
2026-06-11T06:50:00+09:00,浅間山,,,missing,2026-06-11T07:47:02.731837+09:00
2026-06-11T06:50:00+09:00,白銀山,0,1,ok,2026-06-11T07:47:02.731837+09:00
2026-06-11T07:00:00+09:00,南郷山,0,0,ok,2026-06-11T07:47:02.731837+09:00
2026-06-11T07:00:00+09:00,浅間山,,,missing,2026-06-11T07:47:02.731837+09:00
2026-06-11T07:00:00+09:00,白銀山,0,1,ok,2026-06-11T07:47:02.731837+09:00
2026-06-11T07:10:00+09:00,南郷山,0,0,ok,2026-06-11T07:47:02.731837+09:00
2026-06-11T07:10:00+09:00,浅間山,,,missing,2026-06-11T07:47:02.731837+09:00
2026-06-11T07:10:00+09:00,白銀山,0,1,ok,2026-06-11T07:47:02.731837+09:00
2026-06-11T07:20:00+09:00,南郷山,0,0,ok,2026-06-11T07:47:02.731837+09:00
2026-06-11T07:20:00+09:00,浅間山,,,missing,2026-06-11T07:47:02.731837+09:00
2026-06-11T07:20:00+09:00,白銀山,0,1,ok,2026-06-11T07:47:02.731837+09:00
2026-06-11T07:30:00+09:00,南郷山,0,0,ok,2026-06-11T07:47:02.731837+09:00
2026-06-11T07:30:00+09:00,浅間山,,,missing,2026-06-11T07:47:02.731837+09:00
2026-06-11T07:30:00+09:00,白銀山,0,1,ok,2026-06-11T07:47:02.731837+09:00
2026-06-11T07:40:00+09:00,南郷山,0,0,ok,2026-06-11T07:47:02.731837+09:00
2026-06-11T07:40:00+09:00,浅間山,,,missing,2026-06-11T07:47:02.731837+09:00
2026-06-11T07:40:00+09:00,白銀山,0,1,ok,2026-06-11T07:47:02.731837+09:00
2026-06-11T07:50:00+09:00,南郷山,0,0,ok,2026-06-11T09:08:13.431443+09:00
2026-06-11T07:50:00+09:00,浅間山,,,missing,2026-06-11T09:08:13.431443+09:00
2026-06-11T07:50:00+09:00,白銀山,0,1,ok,2026-06-11T09:08:13.431443+09:00
2026-06-11T08:00:00+09:00,南郷山,0,0,ok,2026-06-11T09:08:13.431443+09:00
2026-06-11T08:00:00+09:00,浅間山,,,missing,2026-06-11T09:08:13.431443+09:00
2026-06-11T08:00:00+09:00,白銀山,0,1,ok,2026-06-11T09:08:13.431443+09:00
2026-06-11T08:10:00+09:00,南郷山,0,0,ok,2026-06-11T09:08:13.431443+09:00
2026-06-11T08:10:00+09:00,浅間山,,,missing,2026-06-11T09:08:13.431443+09:00
2026-06-11T08:10:00+09:00,白銀山,0,1,ok,2026-06-11T09:08:13.431443+09:00
2026-06-11T08:20:00+09:00,南郷山,0,0,ok,2026-06-11T09:08:13.431443+09:00
2026-06-11T08:20:00+09:00,浅間山,,,missing,2026-06-11T09:08:13.431443+09:00
2026-06-11T08:20:00+09:00,白銀山,0,1,ok,2026-06-11T09:08:13.431443+09:00
2026-06-11T08:30:00+09:00,南郷山,0,0,ok,2026-06-11T09:08:13.431443+09:00
2026-06-11T08:30:00+09:00,浅間山,,,missing,2026-06-11T09:08:13.431443+09:00
2026-06-11T08:30:00+09:00,白銀山,0,1,ok,2026-06-11T09:08:13.431443+09:00
2026-06-11T08:40:00+09:00,南郷山,0,0,ok,2026-06-11T09:08:13.431443+09:00
2026-06-11T08:40:00+09:00,浅間山,,,missing,2026-06-11T09:08:13.431443+09:00
2026-06-11T08:40:00+09:00,白銀山,0,1,ok,2026-06-11T09:08:13.431443+09:00
2026-06-11T08:50:00+09:00,南郷山,0,0,ok,2026-06-11T09:08:13.431443+09:00
2026-06-11T08:50:00+09:00,浅間山,,,missing,2026-06-11T09:08:13.431443+09:00
2026-06-11T08:50:00+09:00,白銀山,0,1,ok,2026-06-11T09:08:13.431443+09:00
2026-06-11T09:00:00+09:00,南郷山,0,0,ok,2026-06-11T09:08:13.431443+09:00
2026-06-11T09:00:00+09:00,浅間山,,,missing,2026-06-11T09:08:13.431443+09:00
2026-06-11T09:00:00+09:00,白銀山,0,1,ok,2026-06-11T09:08:13.431443+09:00
2026-06-11T10:20:00+09:00,南郷山,0,0,ok,2026-06-11T14:20:35.181608+09:00
2026-06-11T10:20:00+09:00,浅間山,,,missing,2026-06-11T14:20:35.181608+09:00
2026-06-11T10:20:00+09:00,白銀山,0,1,ok,2026-06-11T14:20:35.181608+09:00
2026-06-11T10:30:00+09:00,南郷山,0,0,ok,2026-06-11T14:20:35.181608+09:00
2026-06-11T10:30:00+09:00,浅間山,,,missing,2026-06-11T14:20:35.181608+09:00
2026-06-11T10:30:00+09:00,白銀山,0,1,ok,2026-06-11T14:20:35.181608+09:00
2026-06-11T10:40:00+09:00,南郷山,0,0,ok,2026-06-11T14:20:35.181608+09:00
2026-06-11T10:40:00+09:00,浅間山,,,missing,2026-06-11T14:20:35.181608+09:00
2026-06-11T10:40:00+09:00,白銀山,0,1,ok,2026-06-11T14:20:35.181608+09:00
2026-06-11T10:50:00+09:00,南郷山,0,0,ok,2026-06-11T14:20:35.181608+09:00
2026-06-11T10:50:00+09:00,浅間山,,,missing,2026-06-11T14:20:35.181608+09:00
2026-06-11T10:50:00+09:00,白銀山,0,1,ok,2026-06-11T14:20:35.181608+09:00
2026-06-11T11:00:00+09:00,南郷山,0,0,ok,2026-06-11T14:20:35.181608+09:00
2026-06-11T11:00:00+09:00,浅間山,,,missing,2026-06-11T14:20:35.181608+09:00
2026-06-11T11:00:00+09:00,白銀山,0,1,ok,2026-06-11T14:20:35.181608+09:00
2026-06-11T11:10:00+09:00,南郷山,0,0,ok,2026-06-11T14:20:35.181608+09:00
2026-06-11T11:10:00+09:00,浅間山,,,missing,2026-06-11T14:20:35.181608+09:00
2026-06-11T11:10:00+09:00,白銀山,0,1,ok,2026-06-11T14:20:35.181608+09:00
2026-06-11T11:20:00+09:00,南郷山,0,0,ok,2026-06-11T14:20:35.181608+09:00
2026-06-11T11:20:00+09:00,浅間山,,,missing,2026-06-11T14:20:35.181608+09:00
2026-06-11T11:20:00+09:00,白銀山,0,1,ok,2026-06-11T14:20:35.181608+09:00
2026-06-11T11:30:00+09:00,南郷山,0,0,ok,2026-06-11T14:20:35.181608+09:00
2026-06-11T11:30:00+09:00,浅間山,,,missing,2026-06-11T14:20:35.181608+09:00
2026-06-11T11:30:00+09:00,白銀山,0,1,ok,2026-06-11T14:20:35.181608+09:00
2026-06-11T11:40:00+09:00,南郷山,0,0,ok,2026-06-11T14:20:35.181608+09:00
2026-06-11T11:40:00+09:00,浅間山,,,missing,2026-06-11T14:20:35.181608+09:00
2026-06-11T11:40:00+09:00,白銀山,0,1,ok,2026-06-11T14:20:35.181608+09:00
2026-06-11T11:50:00+09:00,南郷山,0,0,ok,2026-06-11T14:20:35.181608+09:00
2026-06-11T11:50:00+09:00,浅間山,,,missing,2026-06-11T14:20:35.181608+09:00
2026-06-11T11:50:00+09:00,白銀山,0,1,ok,2026-06-11T14:20:35.181608+09:00
2026-06-11T12:00:00+09:00,南郷山,0,0,ok,2026-06-11T14:20:35.181608+09:00
2026-06-11T12:00:00+09:00,浅間山,,,missing,2026-06-11T14:20:35.181608+09:00
2026-06-11T12:00:00+09:00,白銀山,0,1,ok,2026-06-11T14:20:35.181608+09:00
2026-06-11T12:10:00+09:00,南郷山,0,0,ok,2026-06-11T14:20:35.181608+09:00
2026-06-11T12:10:00+09:00,浅間山,,,missing,2026-06-11T14:20:35.181608+09:00
2026-06-11T12:10:00+09:00,白銀山,0,1,ok,2026-06-11T14:20:35.181608+09:00
2026-06-11T12:20:00+09:00,南郷山,0,0,ok,2026-06-11T14:20:35.181608+09:00
2026-06-11T12:20:00+09:00,浅間山,,,missing,2026-06-11T14:20:35.181608+09:00
2026-06-11T12:20:00+09:00,白銀山,0,1,ok,2026-06-11T14:20:35.181608+09:00
2026-06-11T12:30:00+09:00,南郷山,0,0,ok,2026-06-11T14:20:35.181608+09:00
2026-06-11T12:30:00+09:00,浅間山,,,missing,2026-06-11T14:20:35.181608+09:00
2026-06-11T12:30:00+09:00,白銀山,0,1,ok,2026-06-11T14:20:35.181608+09:00
2026-06-11T12:40:00+09:00,南郷山,0,0,ok,2026-06-11T14:20:35.181608+09:00
2026-06-11T12:40:00+09:00,浅間山,,,missing,2026-06-11T14:20:35.181608+09:00
2026-06-11T12:40:00+09:00,白銀山,0,0,ok,2026-06-11T14:20:35.181608+09:00
2026-06-11T12:50:00+09:00,南郷山,0,0,ok,2026-06-11T14:20:35.181608+09:00
2026-06-11T12:50:00+09:00,浅間山,,,missing,2026-06-11T14:20:35.181608+09:00
2026-06-11T12:50:00+09:00,白銀山,0,0,ok,2026-06-11T14:20:35.181608+09:00
2026-06-11T13:00:00+09:00,南郷山,0,0,ok,2026-06-11T14:20:35.181608+09:00
2026-06-11T13:00:00+09:00,浅間山,,,missing,2026-06-11T14:20:35.181608+09:00
2026-06-11T13:00:00+09:00,白銀山,0,0,ok,2026-06-11T14:20:35.181608+09:00
2026-06-11T13:10:00+09:00,南郷山,0,0,ok,2026-06-11T14:20:35.181608+09:00
2026-06-11T13:10:00+09:00,浅間山,,,missing,2026-06-11T14:20:35.181608+09:00
2026-06-11T13:10:00+09:00,白銀山,0,0,ok,2026-06-11T14:20:35.181608+09:00
2026-06-11T13:20:00+09:00,南郷山,0,0,ok,2026-06-11T14:20:35.181608+09:00
2026-06-11T13:20:00+09:00,浅間山,,,missing,2026-06-11T14:20:35.181608+09:00
2026-06-11T13:20:00+09:00,白銀山,0,0,ok,2026-06-11T14:20:35.181608+09:00
2026-06-11T13:30:00+09:00,南郷山,0,0,ok,2026-06-11T14:20:35.181608+09:00
2026-06-11T13:30:00+09:00,浅間山,,,missing,2026-06-11T14:20:35.181608+09:00
2026-06-11T13:30:00+09:00,白銀山,0,0,ok,2026-06-11T14:20:35.181608+09:00
2026-06-11T13:40:00+09:00,南郷山,0,0,ok,2026-06-11T14:20:35.181608+09:00
2026-06-11T13:40:00+09:00,浅間山,,,missing,2026-06-11T14:20:35.181608+09:00
2026-06-11T13:40:00+09:00,白銀山,0,0,ok,2026-06-11T14:20:35.181608+09:00
2026-06-11T13:50:00+09:00,南郷山,0,0,ok,2026-06-11T14:20:35.181608+09:00
2026-06-11T13:50:00+09:00,浅間山,,,missing,2026-06-11T14:20:35.181608+09:00
2026-06-11T13:50:00+09:00,白銀山,0,0,ok,2026-06-11T14:20:35.181608+09:00
2026-06-11T14:00:00+09:00,南郷山,0,0,ok,2026-06-11T14:20:35.181608+09:00
2026-06-11T14:00:00+09:00,浅間山,,,missing,2026-06-11T14:20:35.181608+09:00
2026-06-11T14:00:00+09:00,白銀山,0,0,ok,2026-06-11T14:20:35.181608+09:00
2026-06-11T14:10:00+09:00,南郷山,0,0,ok,2026-06-11T14:20:35.181608+09:00
2026-06-11T14:10:00+09:00,浅間山,,,missing,2026-06-11T14:20:35.181608+09:00
2026-06-11T14:10:00+09:00,白銀山,0,0,ok,2026-06-11T14:20:35.181608+09:00
2026-06-11T15:00:00+09:00,南郷山,0,0,ok,2026-06-11T19:04:38.259282+09:00
2026-06-11T15:00:00+09:00,浅間山,,,missing,2026-06-11T19:04:38.259282+09:00
2026-06-11T15:00:00+09:00,白銀山,0,0,ok,2026-06-11T19:04:38.259282+09:00
2026-06-11T15:10:00+09:00,南郷山,0,0,ok,2026-06-11T19:04:38.259282+09:00
2026-06-11T15:10:00+09:00,浅間山,,,missing,2026-06-11T19:04:38.259282+09:00
2026-06-11T15:10:00+09:00,白銀山,0,0,ok,2026-06-11T19:04:38.259282+09:00
2026-06-11T15:20:00+09:00,南郷山,0,0,ok,2026-06-11T19:04:38.259282+09:00
2026-06-11T15:20:00+09:00,浅間山,,,missing,2026-06-11T19:04:38.259282+09:00
2026-06-11T15:20:00+09:00,白銀山,0,0,ok,2026-06-11T19:04:38.259282+09:00
2026-06-11T15:30:00+09:00,南郷山,0,0,ok,2026-06-11T19:04:38.259282+09:00
2026-06-11T15:30:00+09:00,浅間山,,,missing,2026-06-11T19:04:38.259282+09:00
2026-06-11T15:30:00+09:00,白銀山,0,0,ok,2026-06-11T19:04:38.259282+09:00
2026-06-11T15:40:00+09:00,南郷山,0,0,ok,2026-06-11T19:04:38.259282+09:00
2026-06-11T15:40:00+09:00,浅間山,,,missing,2026-06-11T19:04:38.259282+09:00
2026-06-11T15:40:00+09:00,白銀山,0,0,ok,2026-06-11T19:04:38.259282+09:00
2026-06-11T15:50:00+09:00,南郷山,0,0,ok,2026-06-11T19:04:38.259282+09:00
2026-06-11T15:50:00+09:00,浅間山,,,missing,2026-06-11T19:04:38.259282+09:00
2026-06-11T15:50:00+09:00,白銀山,0,0,ok,2026-06-11T19:04:38.259282+09:00
2026-06-11T16:00:00+09:00,南郷山,0,0,ok,2026-06-11T19:04:38.259282+09:00
2026-06-11T16:00:00+09:00,浅間山,,,missing,2026-06-11T19:04:38.259282+09:00
2026-06-11T16:00:00+09:00,白銀山,0,0,ok,2026-06-11T19:04:38.259282+09:00
2026-06-11T16:10:00+09:00,南郷山,0,0,ok,2026-06-11T19:04:38.259282+09:00
2026-06-11T16:10:00+09:00,浅間山,,,missing,2026-06-11T19:04:38.259282+09:00
2026-06-11T16:10:00+09:00,白銀山,0,0,ok,2026-06-11T19:04:38.259282+09:00
2026-06-11T16:20:00+09:00,南郷山,0,0,ok,2026-06-11T19:04:38.259282+09:00
2026-06-11T16:20:00+09:00,浅間山,,,missing,2026-06-11T19:04:38.259282+09:00
2026-06-11T16:20:00+09:00,白銀山,0,0,ok,2026-06-11T19:04:38.259282+09:00
2026-06-11T16:30:00+09:00,南郷山,0,0,ok,2026-06-11T19:04:38.259282+09:00
2026-06-11T16:30:00+09:00,浅間山,,,missing,2026-06-11T19:04:38.259282+09:00
2026-06-11T16:30:00+09:00,白銀山,0,0,ok,2026-06-11T19:04:38.259282+09:00
2026-06-11T16:40:00+09:00,南郷山,0,0,ok,2026-06-11T19:04:38.259282+09:00
2026-06-11T16:40:00+09:00,浅間山,,,missing,2026-06-11T19:04:38.259282+09:00
2026-06-11T16:40:00+09:00,白銀山,0,0,ok,2026-06-11T19:04:38.259282+09:00
2026-06-11T16:50:00+09:00,南郷山,0,0,ok,2026-06-11T19:04:38.259282+09:00
2026-06-11T16:50:00+09:00,浅間山,,,missing,2026-06-11T19:04:38.259282+09:00
2026-06-11T16:50:00+09:00,白銀山,0,0,ok,2026-06-11T19:04:38.259282+09:00
2026-06-11T17:00:00+09:00,南郷山,0,0,ok,2026-06-11T19:04:38.259282+09:00
2026-06-11T17:00:00+09:00,浅間山,,,missing,2026-06-11T19:04:38.259282+09:00
2026-06-11T17:00:00+09:00,白銀山,0,0,ok,2026-06-11T19:04:38.259282+09:00
2026-06-11T17:10:00+09:00,南郷山,0,0,ok,2026-06-11T19:04:38.259282+09:00
2026-06-11T17:10:00+09:00,浅間山,,,missing,2026-06-11T19:04:38.259282+09:00
2026-06-11T17:10:00+09:00,白銀山,0,0,ok,2026-06-11T19:04:38.259282+09:00
2026-06-11T17:20:00+09:00,南郷山,0,0,ok,2026-06-11T19:04:38.259282+09:00
2026-06-11T17:20:00+09:00,浅間山,,,missing,2026-06-11T19:04:38.259282+09:00
2026-06-11T17:20:00+09:00,白銀山,0,0,ok,2026-06-11T19:04:38.259282+09:00
2026-06-11T17:30:00+09:00,南郷山,0,0,ok,2026-06-11T19:04:38.259282+09:00
2026-06-11T17:30:00+09:00,浅間山,,,missing,2026-06-11T19:04:38.259282+09:00
2026-06-11T17:30:00+09:00,白銀山,0,0,ok,2026-06-11T19:04:38.259282+09:00
2026-06-11T17:40:00+09:00,南郷山,0,0,ok,2026-06-11T19:04:38.259282+09:00
2026-06-11T17:40:00+09:00,浅間山,,,missing,2026-06-11T19:04:38.259282+09:00
2026-06-11T17:40:00+09:00,白銀山,0,0,ok,2026-06-11T19:04:38.259282+09:00
2026-06-11T17:50:00+09:00,南郷山,0,0,ok,2026-06-11T19:04:38.259282+09:00
2026-06-11T17:50:00+09:00,浅間山,,,missing,2026-06-11T19:04:38.259282+09:00
2026-06-11T17:50:00+09:00,白銀山,0,0,ok,2026-06-11T19:04:38.259282+09:00
2026-06-11T18:00:00+09:00,南郷山,0,0,ok,2026-06-11T19:04:38.259282+09:00
2026-06-11T18:00:00+09:00,浅間山,,,missing,2026-06-11T19:04:38.259282+09:00
2026-06-11T18:00:00+09:00,白銀山,0,0,ok,2026-06-11T19:04:38.259282+09:00
2026-06-11T18:10:00+09:00,南郷山,0,0,ok,2026-06-11T19:04:38.259282+09:00
2026-06-11T18:10:00+09:00,浅間山,,,missing,2026-06-11T19:04:38.259282+09:00
2026-06-11T18:10:00+09:00,白銀山,0,0,ok,2026-06-11T19:04:38.259282+09:00
2026-06-11T18:20:00+09:00,南郷山,0,0,ok,2026-06-11T19:04:38.259282+09:00
2026-06-11T18:20:00+09:00,浅間山,,,missing,2026-06-11T19:04:38.259282+09:00
2026-06-11T18:20:00+09:00,白銀山,0,0,ok,2026-06-11T19:04:38.259282+09:00
2026-06-11T18:30:00+09:00,南郷山,0,0,ok,2026-06-11T19:04:38.259282+09:00
2026-06-11T18:30:00+09:00,浅間山,,,missing,2026-06-11T19:04:38.259282+09:00
2026-06-11T18:30:00+09:00,白銀山,0,0,ok,2026-06-11T19:04:38.259282+09:00
2026-06-11T18:40:00+09:00,南郷山,0,0,ok,2026-06-11T19:04:38.259282+09:00
2026-06-11T18:40:00+09:00,浅間山,,,missing,2026-06-11T19:04:38.259282+09:00
2026-06-11T18:40:00+09:00,白銀山,0,0,ok,2026-06-11T19:04:38.259282+09:00
2026-06-11T18:50:00+09:00,南郷山,0,0,ok,2026-06-11T19:04:38.259282+09:00
2026-06-11T18:50:00+09:00,浅間山,,,missing,2026-06-11T19:04:38.259282+09:00
2026-06-11T18:50:00+09:00,白銀山,0,0,ok,2026-06-11T19:04:38.259282+09:00
2026-06-11T19:30:00+09:00,南郷山,0,0,ok,2026-06-11T23:29:20.929710+09:00
2026-06-11T19:30:00+09:00,浅間山,,,missing,2026-06-11T23:29:20.929710+09:00
2026-06-11T19:30:00+09:00,白銀山,0,0,ok,2026-06-11T23:29:20.929710+09:00
2026-06-11T19:40:00+09:00,南郷山,0,0,ok,2026-06-11T23:29:20.929710+09:00
2026-06-11T19:40:00+09:00,浅間山,,,missing,2026-06-11T23:29:20.929710+09:00
2026-06-11T19:40:00+09:00,白銀山,0,0,ok,2026-06-11T23:29:20.929710+09:00
2026-06-11T19:50:00+09:00,南郷山,0,0,ok,2026-06-11T23:29:20.929710+09:00
2026-06-11T19:50:00+09:00,浅間山,,,missing,2026-06-11T23:29:20.929710+09:00
2026-06-11T19:50:00+09:00,白銀山,0,0,ok,2026-06-11T23:29:20.929710+09:00
2026-06-11T20:00:00+09:00,南郷山,0,0,ok,2026-06-11T23:29:20.929710+09:00
2026-06-11T20:00:00+09:00,浅間山,,,missing,2026-06-11T23:29:20.929710+09:00
2026-06-11T20:00:00+09:00,白銀山,0,0,ok,2026-06-11T23:29:20.929710+09:00
2026-06-11T20:10:00+09:00,南郷山,0,0,ok,2026-06-11T23:29:20.929710+09:00
2026-06-11T20:10:00+09:00,浅間山,,,missing,2026-06-11T23:29:20.929710+09:00
2026-06-11T20:10:00+09:00,白銀山,0,0,ok,2026-06-11T23:29:20.929710+09:00
2026-06-11T20:20:00+09:00,南郷山,0,0,ok,2026-06-11T23:29:20.929710+09:00
2026-06-11T20:20:00+09:00,浅間山,,,missing,2026-06-11T23:29:20.929710+09:00
2026-06-11T20:20:00+09:00,白銀山,0,0,ok,2026-06-11T23:29:20.929710+09:00
2026-06-11T20:30:00+09:00,南郷山,0,0,ok,2026-06-11T23:29:20.929710+09:00
2026-06-11T20:30:00+09:00,浅間山,,,missing,2026-06-11T23:29:20.929710+09:00
2026-06-11T20:30:00+09:00,白銀山,0,0,ok,2026-06-11T23:29:20.929710+09:00
2026-06-11T20:40:00+09:00,南郷山,0,0,ok,2026-06-11T23:29:20.929710+09:00
2026-06-11T20:40:00+09:00,浅間山,,,missing,2026-06-11T23:29:20.929710+09:00
2026-06-11T20:40:00+09:00,白銀山,0,0,ok,2026-06-11T23:29:20.929710+09:00
2026-06-11T20:50:00+09:00,南郷山,0,0,ok,2026-06-11T23:29:20.929710+09:00
2026-06-11T20:50:00+09:00,浅間山,,,missing,2026-06-11T23:29:20.929710+09:00
2026-06-11T20:50:00+09:00,白銀山,0,0,ok,2026-06-11T23:29:20.929710+09:00
2026-06-11T21:00:00+09:00,南郷山,0,0,ok,2026-06-11T23:29:20.929710+09:00
2026-06-11T21:00:00+09:00,浅間山,,,missing,2026-06-11T23:29:20.929710+09:00
2026-06-11T21:00:00+09:00,白銀山,0,0,ok,2026-06-11T23:29:20.929710+09:00
2026-06-11T21:10:00+09:00,南郷山,0,0,ok,2026-06-11T23:29:20.929710+09:00
2026-06-11T21:10:00+09:00,浅間山,,,missing,2026-06-11T23:29:20.929710+09:00
2026-06-11T21:10:00+09:00,白銀山,0,0,ok,2026-06-11T23:29:20.929710+09:00
2026-06-11T21:20:00+09:00,南郷山,0,0,ok,2026-06-11T23:29:20.929710+09:00
2026-06-11T21:20:00+09:00,浅間山,,,missing,2026-06-11T23:29:20.929710+09:00
2026-06-11T21:20:00+09:00,白銀山,0,0,ok,2026-06-11T23:29:20.929710+09:00
2026-06-11T21:30:00+09:00,南郷山,0,0,ok,2026-06-11T23:29:20.929710+09:00
2026-06-11T21:30:00+09:00,浅間山,,,missing,2026-06-11T23:29:20.929710+09:00
2026-06-11T21:30:00+09:00,白銀山,0,0,ok,2026-06-11T23:29:20.929710+09:00
2026-06-11T21:40:00+09:00,南郷山,0,0,ok,2026-06-11T23:29:20.929710+09:00
2026-06-11T21:40:00+09:00,浅間山,,,missing,2026-06-11T23:29:20.929710+09:00
2026-06-11T21:40:00+09:00,白銀山,0,0,ok,2026-06-11T23:29:20.929710+09:00
2026-06-11T21:50:00+09:00,南郷山,0,0,ok,2026-06-11T23:29:20.929710+09:00
2026-06-11T21:50:00+09:00,浅間山,,,missing,2026-06-11T23:29:20.929710+09:00
2026-06-11T21:50:00+09:00,白銀山,0,0,ok,2026-06-11T23:29:20.929710+09:00
2026-06-11T22:00:00+09:00,南郷山,0,0,ok,2026-06-11T23:29:20.929710+09:00
2026-06-11T22:00:00+09:00,浅間山,,,missing,2026-06-11T23:29:20.929710+09:00
2026-06-11T22:00:00+09:00,白銀山,0,0,ok,2026-06-11T23:29:20.929710+09:00
2026-06-11T22:10:00+09:00,南郷山,0,0,ok,2026-06-11T23:29:20.929710+09:00
2026-06-11T22:10:00+09:00,浅間山,,,missing,2026-06-11T23:29:20.929710+09:00
2026-06-11T22:10:00+09:00,白銀山,0,0,ok,2026-06-11T23:29:20.929710+09:00
2026-06-11T22:20:00+09:00,南郷山,0,0,ok,2026-06-11T23:29:20.929710+09:00
2026-06-11T22:20:00+09:00,浅間山,,,missing,2026-06-11T23:29:20.929710+09:00
2026-06-11T22:20:00+09:00,白銀山,0,0,ok,2026-06-11T23:29:20.929710+09:00
2026-06-11T22:30:00+09:00,南郷山,0,0,ok,2026-06-11T23:29:20.929710+09:00
2026-06-11T22:30:00+09:00,浅間山,,,missing,2026-06-11T23:29:20.929710+09:00
2026-06-11T22:30:00+09:00,白銀山,0,0,ok,2026-06-11T23:29:20.929710+09:00
2026-06-11T22:40:00+09:00,南郷山,0,0,ok,2026-06-11T23:29:20.929710+09:00
2026-06-11T22:40:00+09:00,浅間山,,,missing,2026-06-11T23:29:20.929710+09:00
2026-06-11T22:40:00+09:00,白銀山,0,0,ok,2026-06-11T23:29:20.929710+09:00
2026-06-11T22:50:00+09:00,南郷山,0,0,ok,2026-06-11T23:29:20.929710+09:00
2026-06-11T22:50:00+09:00,浅間山,,,missing,2026-06-11T23:29:20.929710+09:00
2026-06-11T22:50:00+09:00,白銀山,0,0,ok,2026-06-11T23:29:20.929710+09:00
2026-06-11T23:00:00+09:00,南郷山,0,0,ok,2026-06-11T23:29:20.929710+09:00
2026-06-11T23:00:00+09:00,浅間山,,,missing,2026-06-11T23:29:20.929710+09:00
2026-06-11T23:00:00+09:00,白銀山,0,0,ok,2026-06-11T23:29:20.929710+09:00
2026-06-11T23:10:00+09:00,南郷山,0,0,ok,2026-06-11T23:29:20.929710+09:00
2026-06-11T23:10:00+09:00,浅間山,,,missing,2026-06-11T23:29:20.929710+09:00
2026-06-11T23:10:00+09:00,白銀山,0,0,ok,2026-06-11T23:29:20.929710+09:00
2026-06-11T23:20:00+09:00,南郷山,0,0,ok,2026-06-11T23:29:20.929710+09:00
2026-06-11T23:20:00+09:00,浅間山,,,missing,2026-06-11T23:29:20.929710+09:00
2026-06-11T23:20:00+09:00,白銀山,0,0,ok,2026-06-11T23:29:20.929710+09:00
2026-06-11T23:30:00+09:00,南郷山,0,0,ok,2026-06-12T03:03:12.168931+09:00
2026-06-11T23:30:00+09:00,浅間山,,,missing,2026-06-12T03:03:12.168931+09:00
2026-06-11T23:30:00+09:00,白銀山,0,0,ok,2026-06-12T03:03:12.168931+09:00
2026-06-11T23:40:00+09:00,南郷山,0,0,ok,2026-06-12T03:03:12.168931+09:00
2026-06-11T23:40:00+09:00,浅間山,,,missing,2026-06-12T03:03:12.168931+09:00
2026-06-11T23:40:00+09:00,白銀山,0,0,ok,2026-06-12T03:03:12.168931+09:00
2026-06-11T23:50:00+09:00,南郷山,0,0,ok,2026-06-12T03:03:12.168931+09:00
2026-06-11T23:50:00+09:00,浅間山,,,missing,2026-06-12T03:03:12.168931+09:00
2026-06-11T23:50:00+09:00,白銀山,0,0,ok,2026-06-12T03:03:12.168931+09:00
2026-06-12T00:00:00+09:00,南郷山,0,0,ok,2026-06-12T03:03:12.168931+09:00
2026-06-12T00:00:00+09:00,浅間山,,,missing,2026-06-12T03:03:12.168931+09:00
2026-06-12T00:00:00+09:00,白銀山,0,0,ok,2026-06-12T03:03:12.168931+09:00
2026-06-12T00:10:00+09:00,南郷山,0,0,ok,2026-06-12T03:03:12.168931+09:00
2026-06-12T00:10:00+09:00,浅間山,,,missing,2026-06-12T03:03:12.168931+09:00
2026-06-12T00:10:00+09:00,白銀山,0,0,ok,2026-06-12T03:03:12.168931+09:00
2026-06-12T00:20:00+09:00,南郷山,0,0,ok,2026-06-12T03:03:12.168931+09:00
2026-06-12T00:20:00+09:00,浅間山,,,missing,2026-06-12T03:03:12.168931+09:00
2026-06-12T00:20:00+09:00,白銀山,0,0,ok,2026-06-12T03:03:12.168931+09:00
2026-06-12T00:30:00+09:00,南郷山,0,0,ok,2026-06-12T03:03:12.168931+09:00
2026-06-12T00:30:00+09:00,浅間山,,,missing,2026-06-12T03:03:12.168931+09:00
2026-06-12T00:30:00+09:00,白銀山,0,0,ok,2026-06-12T03:03:12.168931+09:00
2026-06-12T00:40:00+09:00,南郷山,0,0,ok,2026-06-12T03:03:12.168931+09:00
2026-06-12T00:40:00+09:00,浅間山,,,missing,2026-06-12T03:03:12.168931+09:00
2026-06-12T00:40:00+09:00,白銀山,0,0,ok,2026-06-12T03:03:12.168931+09:00
2026-06-12T00:50:00+09:00,南郷山,0,0,ok,2026-06-12T03:03:12.168931+09:00
2026-06-12T00:50:00+09:00,浅間山,,,missing,2026-06-12T03:03:12.168931+09:00
2026-06-12T00:50:00+09:00,白銀山,0,0,ok,2026-06-12T03:03:12.168931+09:00
2026-06-12T01:00:00+09:00,南郷山,0,0,ok,2026-06-12T03:03:12.168931+09:00
2026-06-12T01:00:00+09:00,浅間山,,,missing,2026-06-12T03:03:12.168931+09:00
2026-06-12T01:00:00+09:00,白銀山,0,0,ok,2026-06-12T03:03:12.168931+09:00
2026-06-12T01:10:00+09:00,南郷山,0,0,ok,2026-06-12T03:03:12.168931+09:00
2026-06-12T01:10:00+09:00,浅間山,,,missing,2026-06-12T03:03:12.168931+09:00
2026-06-12T01:10:00+09:00,白銀山,0,0,ok,2026-06-12T03:03:12.168931+09:00
2026-06-12T01:20:00+09:00,南郷山,0,0,ok,2026-06-12T03:03:12.168931+09:00
2026-06-12T01:20:00+09:00,浅間山,,,missing,2026-06-12T03:03:12.168931+09:00
2026-06-12T01:20:00+09:00,白銀山,0,0,ok,2026-06-12T03:03:12.168931+09:00
2026-06-12T01:30:00+09:00,南郷山,0,0,ok,2026-06-12T03:03:12.168931+09:00
2026-06-12T01:30:00+09:00,浅間山,,,missing,2026-06-12T03:03:12.168931+09:00
2026-06-12T01:30:00+09:00,白銀山,0,0,ok,2026-06-12T03:03:12.168931+09:00
2026-06-12T01:40:00+09:00,南郷山,0,0,ok,2026-06-12T03:03:12.168931+09:00
2026-06-12T01:40:00+09:00,浅間山,,,missing,2026-06-12T03:03:12.168931+09:00
2026-06-12T01:40:00+09:00,白銀山,0,0,ok,2026-06-12T03:03:12.168931+09:00
2026-06-12T01:50:00+09:00,南郷山,0,0,ok,2026-06-12T03:03:12.168931+09:00
2026-06-12T01:50:00+09:00,浅間山,,,missing,2026-06-12T03:03:12.168931+09:00
2026-06-12T01:50:00+09:00,白銀山,0,0,ok,2026-06-12T03:03:12.168931+09:00
2026-06-12T02:00:00+09:00,南郷山,0,0,ok,2026-06-12T03:03:12.168931+09:00
2026-06-12T02:00:00+09:00,浅間山,,,missing,2026-06-12T03:03:12.168931+09:00
2026-06-12T02:00:00+09:00,白銀山,0,0,ok,2026-06-12T03:03:12.168931+09:00
2026-06-12T02:10:00+09:00,南郷山,0,0,ok,2026-06-12T03:03:12.168931+09:00
2026-06-12T02:10:00+09:00,浅間山,,,missing,2026-06-12T03:03:12.168931+09:00
2026-06-12T02:10:00+09:00,白銀山,0,0,ok,2026-06-12T03:03:12.168931+09:00
2026-06-12T02:20:00+09:00,南郷山,0,0,ok,2026-06-12T03:03:12.168931+09:00
2026-06-12T02:20:00+09:00,浅間山,,,missing,2026-06-12T03:03:12.168931+09:00
2026-06-12T02:20:00+09:00,白銀山,0,0,ok,2026-06-12T03:03:12.168931+09:00
2026-06-12T02:30:00+09:00,南郷山,0,0,ok,2026-06-12T03:03:12.168931+09:00
2026-06-12T02:30:00+09:00,浅間山,,,missing,2026-06-12T03:03:12.168931+09:00
2026-06-12T02:30:00+09:00,白銀山,0,0,ok,2026-06-12T03:03:12.168931+09:00
2026-06-12T02:40:00+09:00,南郷山,0,0,ok,2026-06-12T03:03:12.168931+09:00
2026-06-12T02:40:00+09:00,浅間山,,,missing,2026-06-12T03:03:12.168931+09:00
2026-06-12T02:40:00+09:00,白銀山,0,0,ok,2026-06-12T03:03:12.168931+09:00
2026-06-12T02:50:00+09:00,南郷山,0,0,ok,2026-06-12T03:03:12.168931+09:00
2026-06-12T02:50:00+09:00,浅間山,,,missing,2026-06-12T03:03:12.168931+09:00
2026-06-12T02:50:00+09:00,白銀山,0,0,ok,2026-06-12T03:03:12.168931+09:00
2026-06-12T03:00:00+09:00,南郷山,0,0,ok,2026-06-12T06:11:41.379567+09:00
2026-06-12T03:00:00+09:00,浅間山,,,missing,2026-06-12T06:11:41.379567+09:00
2026-06-12T03:00:00+09:00,白銀山,0,0,ok,2026-06-12T06:11:41.379567+09:00
2026-06-12T03:10:00+09:00,南郷山,0,0,ok,2026-06-12T06:11:41.379567+09:00
2026-06-12T03:10:00+09:00,浅間山,,,missing,2026-06-12T06:11:41.379567+09:00
2026-06-12T03:10:00+09:00,白銀山,0,0,ok,2026-06-12T06:11:41.379567+09:00
2026-06-12T03:20:00+09:00,南郷山,0,0,ok,2026-06-12T06:11:41.379567+09:00
2026-06-12T03:20:00+09:00,浅間山,,,missing,2026-06-12T06:11:41.379567+09:00
2026-06-12T03:20:00+09:00,白銀山,0,0,ok,2026-06-12T06:11:41.379567+09:00
2026-06-12T03:30:00+09:00,南郷山,0,0,ok,2026-06-12T06:11:41.379567+09:00
2026-06-12T03:30:00+09:00,浅間山,,,missing,2026-06-12T06:11:41.379567+09:00
2026-06-12T03:30:00+09:00,白銀山,0,0,ok,2026-06-12T06:11:41.379567+09:00
2026-06-12T03:40:00+09:00,南郷山,0,0,ok,2026-06-12T06:11:41.379567+09:00
2026-06-12T03:40:00+09:00,浅間山,,,missing,2026-06-12T06:11:41.379567+09:00
2026-06-12T03:40:00+09:00,白銀山,0,0,ok,2026-06-12T06:11:41.379567+09:00
2026-06-12T03:50:00+09:00,南郷山,0,0,ok,2026-06-12T06:11:41.379567+09:00
2026-06-12T03:50:00+09:00,浅間山,,,missing,2026-06-12T06:11:41.379567+09:00
2026-06-12T03:50:00+09:00,白銀山,0,0,ok,2026-06-12T06:11:41.379567+09:00
2026-06-12T04:00:00+09:00,南郷山,0,0,ok,2026-06-12T06:11:41.379567+09:00
2026-06-12T04:00:00+09:00,浅間山,,,missing,2026-06-12T06:11:41.379567+09:00
2026-06-12T04:00:00+09:00,白銀山,0,0,ok,2026-06-12T06:11:41.379567+09:00
2026-06-12T04:10:00+09:00,南郷山,0,0,ok,2026-06-12T06:11:41.379567+09:00
2026-06-12T04:10:00+09:00,浅間山,,,missing,2026-06-12T06:11:41.379567+09:00
2026-06-12T04:10:00+09:00,白銀山,0,0,ok,2026-06-12T06:11:41.379567+09:00
2026-06-12T04:20:00+09:00,南郷山,0,0,ok,2026-06-12T06:11:41.379567+09:00
2026-06-12T04:20:00+09:00,浅間山,,,missing,2026-06-12T06:11:41.379567+09:00
2026-06-12T04:20:00+09:00,白銀山,0,0,ok,2026-06-12T06:11:41.379567+09:00
2026-06-12T04:30:00+09:00,南郷山,0,0,ok,2026-06-12T06:11:41.379567+09:00
2026-06-12T04:30:00+09:00,浅間山,,,missing,2026-06-12T06:11:41.379567+09:00
2026-06-12T04:30:00+09:00,白銀山,0,0,ok,2026-06-12T06:11:41.379567+09:00
2026-06-12T04:40:00+09:00,南郷山,0,0,ok,2026-06-12T06:11:41.379567+09:00
2026-06-12T04:40:00+09:00,浅間山,,,missing,2026-06-12T06:11:41.379567+09:00
2026-06-12T04:40:00+09:00,白銀山,0,0,ok,2026-06-12T06:11:41.379567+09:00
2026-06-12T04:50:00+09:00,南郷山,0,0,ok,2026-06-12T06:11:41.379567+09:00
2026-06-12T04:50:00+09:00,浅間山,,,missing,2026-06-12T06:11:41.379567+09:00
2026-06-12T04:50:00+09:00,白銀山,0,0,ok,2026-06-12T06:11:41.379567+09:00
2026-06-12T05:00:00+09:00,南郷山,0,0,ok,2026-06-12T06:11:41.379567+09:00
2026-06-12T05:00:00+09:00,浅間山,,,missing,2026-06-12T06:11:41.379567+09:00
2026-06-12T05:00:00+09:00,白銀山,0,0,ok,2026-06-12T06:11:41.379567+09:00
2026-06-12T05:10:00+09:00,南郷山,0,0,ok,2026-06-12T06:11:41.379567+09:00
2026-06-12T05:10:00+09:00,浅間山,,,missing,2026-06-12T06:11:41.379567+09:00
2026-06-12T05:10:00+09:00,白銀山,0,0,ok,2026-06-12T06:11:41.379567+09:00
2026-06-12T05:20:00+09:00,南郷山,0,0,ok,2026-06-12T06:11:41.379567+09:00
2026-06-12T05:20:00+09:00,浅間山,,,missing,2026-06-12T06:11:41.379567+09:00
2026-06-12T05:20:00+09:00,白銀山,0,0,ok,2026-06-12T06:11:41.379567+09:00
2026-06-12T05:30:00+09:00,南郷山,0,0,ok,2026-06-12T06:11:41.379567+09:00
2026-06-12T05:30:00+09:00,浅間山,,,missing,2026-06-12T06:11:41.379567+09:00
2026-06-12T05:30:00+09:00,白銀山,0,0,ok,2026-06-12T06:11:41.379567+09:00
2026-06-12T05:40:00+09:00,南郷山,0,0,ok,2026-06-12T06:11:41.379567+09:00
2026-06-12T05:40:00+09:00,浅間山,,,missing,2026-06-12T06:11:41.379567+09:00
2026-06-12T05:40:00+09:00,白銀山,0,0,ok,2026-06-12T06:11:41.379567+09:00
2026-06-12T05:50:00+09:00,南郷山,0,0,ok,2026-06-12T06:11:41.379567+09:00
2026-06-12T05:50:00+09:00,浅間山,,,missing,2026-06-12T06:11:41.379567+09:00
2026-06-12T05:50:00+09:00,白銀山,0,0,ok,2026-06-12T06:11:41.379567+09:00
2026-06-12T06:00:00+09:00,南郷山,0,0,ok,2026-06-12T06:11:41.379567+09:00
2026-06-12T06:00:00+09:00,浅間山,,,missing,2026-06-12T06:11:41.379567+09:00
2026-06-12T06:00:00+09:00,白銀山,0,0,ok,2026-06-12T06:11:41.379567+09:00
2026-06-12T06:10:00+09:00,南郷山,0,0,ok,2026-06-12T08:14:20.644281+09:00
2026-06-12T06:10:00+09:00,浅間山,,,missing,2026-06-12T08:14:20.644281+09:00
2026-06-12T06:10:00+09:00,白銀山,0,0,ok,2026-06-12T08:14:20.644281+09:00
2026-06-12T06:20:00+09:00,南郷山,0,0,ok,2026-06-12T08:14:20.644281+09:00
2026-06-12T06:20:00+09:00,浅間山,,,missing,2026-06-12T08:14:20.644281+09:00
2026-06-12T06:20:00+09:00,白銀山,0,0,ok,2026-06-12T08:14:20.644281+09:00
2026-06-12T06:30:00+09:00,南郷山,0,0,ok,2026-06-12T08:14:20.644281+09:00
2026-06-12T06:30:00+09:00,浅間山,,,missing,2026-06-12T08:14:20.644281+09:00
2026-06-12T06:30:00+09:00,白銀山,0,0,ok,2026-06-12T08:14:20.644281+09:00
2026-06-12T06:40:00+09:00,南郷山,0,0,ok,2026-06-12T08:14:20.644281+09:00
2026-06-12T06:40:00+09:00,浅間山,,,missing,2026-06-12T08:14:20.644281+09:00
2026-06-12T06:40:00+09:00,白銀山,0,0,ok,2026-06-12T08:14:20.644281+09:00
2026-06-12T06:50:00+09:00,南郷山,0,0,ok,2026-06-12T08:14:20.644281+09:00
2026-06-12T06:50:00+09:00,浅間山,,,missing,2026-06-12T08:14:20.644281+09:00
2026-06-12T06:50:00+09:00,白銀山,0,0,ok,2026-06-12T08:14:20.644281+09:00
2026-06-12T07:00:00+09:00,南郷山,0,0,ok,2026-06-12T08:14:20.644281+09:00
2026-06-12T07:00:00+09:00,浅間山,,,missing,2026-06-12T08:14:20.644281+09:00
2026-06-12T07:00:00+09:00,白銀山,0,0,ok,2026-06-12T08:14:20.644281+09:00
2026-06-12T07:10:00+09:00,南郷山,0,0,ok,2026-06-12T08:14:20.644281+09:00
2026-06-12T07:10:00+09:00,浅間山,,,missing,2026-06-12T08:14:20.644281+09:00
2026-06-12T07:10:00+09:00,白銀山,0,0,ok,2026-06-12T08:14:20.644281+09:00
2026-06-12T07:20:00+09:00,南郷山,0,0,ok,2026-06-12T08:14:20.644281+09:00
2026-06-12T07:20:00+09:00,浅間山,,,missing,2026-06-12T08:14:20.644281+09:00
2026-06-12T07:20:00+09:00,白銀山,0,0,ok,2026-06-12T08:14:20.644281+09:00
2026-06-12T07:30:00+09:00,南郷山,0,0,ok,2026-06-12T08:14:20.644281+09:00
2026-06-12T07:30:00+09:00,浅間山,,,missing,2026-06-12T08:14:20.644281+09:00
2026-06-12T07:30:00+09:00,白銀山,0,0,ok,2026-06-12T08:14:20.644281+09:00
2026-06-12T07:40:00+09:00,南郷山,0,0,ok,2026-06-12T08:14:20.644281+09:00
2026-06-12T07:40:00+09:00,浅間山,,,missing,2026-06-12T08:14:20.644281+09:00
2026-06-12T07:40:00+09:00,白銀山,0,0,ok,2026-06-12T08:14:20.644281+09:00
2026-06-12T07:50:00+09:00,南郷山,0,0,ok,2026-06-12T08:14:20.644281+09:00
2026-06-12T07:50:00+09:00,浅間山,,,missing,2026-06-12T08:14:20.644281+09:00
2026-06-12T07:50:00+09:00,白銀山,0,0,ok,2026-06-12T08:14:20.644281+09:00
2026-06-12T08:00:00+09:00,南郷山,0,0,ok,2026-06-12T08:14:20.644281+09:00
2026-06-12T08:00:00+09:00,浅間山,,,missing,2026-06-12T08:14:20.644281+09:00
2026-06-12T08:00:00+09:00,白銀山,0,0,ok,2026-06-12T08:14:20.644281+09:00
